Workbook

Sheet README
A1: Pelvic Fx Game — Evaluation workbook
A3: Content version | B3: ptd-minigame-draft-2026-10-07
A4: How it fills | B4: Teacher → app → Faculty → 'Update Google Sheet now'. Raw tabs are replaced each time; analysis tabs recalculate. Manual Exclusions and Handover Scoring are yours and are never overwritten.
A5: Who is counted | B5: Statistics use only rows where 'Exclude from analysis' is FALSE. QA/DEMO/TEST IDs, practice attempts and anyone in Manual Exclusions are excluded automatically but stay visible.
A6: Learning objectives | B6: LO1 mechanism & associated injuries · LO2 history & examination · LO3 imaging choice & interpretation · LO4 open vs closed fracture · LO5 initial treatment (shock, resuscitation, open fracture) · LO6 pelvic binder · LO7 referral & handover.
A7: Design | B7: Pre-test (8 items) → 24 practice stations with feedback and correction → boss reviews → post-test (8 items, parallel form). Formative, supervised learning; not a certification of competence.
A8: Pass standard | B8: Post-test ≥ 6/8 correct on the first try AND both must-pass safety items correct (FS2 no Foley with meatal blood; FS6 binder at the greater trochanters). A conjunctive standard: high marks cannot compensate for a safety error.
A9: Raw gain | B9: Post-test score − pre-test score (same 8-item blueprint, other form).
A10: Normalized gain (g) | B10: Hake: (post − pre) / (8 − pre). 0.3–0.7 = medium, > 0.7 = high. Fairer than raw gain when pre-test scores differ.
A11: Paired t / p / dz | B11: Pre-Post by Cohort: paired t-test of gain (df = n − 1), two-sided p from TDIST, Cohen's dz = mean gain / SD of gain (0.2 small, 0.5 medium, 0.8 large).
A12: Difficulty p | B12: Item Analysis: proportion correct on the first try. < 0.30 = very hard (check the teaching or the item); > 0.90 = very easy.
A13: Discrimination D | B13: First-try rate of the upper 27% minus the lower 27% of learners by post-test score. D < 0.20 suggests the item does not separate stronger and weaker learners. Needs at least 4 included learners.
A14: Bloom level | B14: Station task type: remember · understand · apply · analyse. Use it to check items do not all test recall.
... A18: Privacy | B18: Contains student identifiers and free text. Keep the sheet private (never 'anyone with the link'); share only with course teachers. Delete or anonymise at the end of the retention period.

Sheet Dashboard
A1: Class dashboard
A2: Included learners only (Exclude = FALSE). Recalculates automatically.
A4: Enrolled | B4: =COUNTIFS('Roster'!$E$2:$E$5000,FALSE)
A5: Started | B5: =COUNTIFS('Roster'!$C$2:$C$5000,"yes",'Roster'!$E$2:$E$5000,FALSE)
A6: Completed the shift | B6: =COUNTIFS('Roster'!$D$2:$D$5000,"yes",'Roster'!$E$2:$E$5000,FALSE)
A7: Finished the post-test | B7: =COUNTIFS('Attempts'!$K$2:$K$5000,">=0",'Attempts'!$AC$2:$AC$5000,FALSE)
A8: Met the pass standard | B8: =COUNTIFS('Attempts'!$M$2:$M$5000,TRUE,'Attempts'!$AC$2:$AC$5000,FALSE)
A9: Pass rate | B9: =IFERROR(B8/B7,"")
A10: Mean pre-test /8 | B10: =IFERROR(AVERAGEIFS('Attempts'!$J$2:$J$5000,'Attempts'!$J$2:$J$5000,">=0",'Attempts'!$AC$2:$AC$5000,FALSE),"")
A11: Mean post-test /8 | B11: =IFERROR(AVERAGEIFS('Attempts'!$K$2:$K$5000,'Attempts'!$K$2:$K$5000,">=0",'Attempts'!$AC$2:$AC$5000,FALSE),"")
A12: Mean normalized gain (g) | B12: =IFERROR(AVERAGEIFS('Attempts'!$O$2:$O$5000,'Attempts'!$O$2:$O$5000,">=-1",'Attempts'!$AC$2:$AC$5000,FALSE),"")
A13: Mean time on task (min) | B13: =IFERROR(AVERAGEIFS('Attempts'!$S$2:$S$5000,'Attempts'!$S$2:$S$5000,">0",'Attempts'!$AC$2:$AC$5000,FALSE),"")
A14: Course feedback — useful (1–5) | B14: =IFERROR(AVERAGEIFS('Course Feedback'!$F$2:$F$5000,'Course Feedback'!$J$2:$J$5000,FALSE),"")
A15: Course feedback — enjoyable (1–5) | B15: =IFERROR(AVERAGEIFS('Course Feedback'!$G$2:$G$5000,'Course Feedback'!$J$2:$J$5000,FALSE),"")
A16: Course feedback — confidence (1–5) | B16: =IFERROR(AVERAGEIFS('Course Feedback'!$H$2:$H$5000,'Course Feedback'!$J$2:$J$5000,FALSE),"")
A18: See: Objective Summary · Item Analysis · Pre-Post by Cohort · Misconceptions

Sheet Objective Summary
A1: Objective | B1: Description | C1: Practice stations | D1: Practice responses (n) | E1: Practice first-try % | F1: Corrected after feedback % | G1: Pre-test first-try % | H1: Post-test first-try % | I1: Change (post − pre)
A2: LO1 | B2: Mechanism of injury and associated injuries | C2: 5 | D2: =COUNTIFS('Station Responses'!$H$2:$H$5000,"*LO1*",'Station Responses'!$E$2:$E$5000,"practice",'Station Responses'!$T$2:$T$5000,FALSE) | E2: =IFERROR(AVERAGEIFS('Station Responses'!$K$2:$K$5000,'Station Responses'!$H$2:$H$5000,"*LO1*",'Station Responses'!$E$2:$E$5000,"practice",'Station Responses'!$T$2:$T$5000,FALSE),"") | F2: =IFERROR(COUNTIFS('Station Responses'!$H$2:$H$5000,"*LO1*",'Station Responses'!$E$2:$E$5000,"practice",'Station Responses'!$K$2:$K$5000,0,'Station Responses'!$L$2:$L$5000,1,'Station Responses'!$T$2:$T$5000,FALSE)/COUNTIFS('Station Responses'!$H$2:$H$5000,"*LO1*",'Station Responses'!$E$2:$E$5000,"practice",'Station Responses'!$K$2:$K$5000,0,'Station Responses'!$T$2:$T$5000,FALSE),"") | G2: =IFERROR(AVERAGEIFS('Station Responses'!$K$2:$K$5000,'Station Responses'!$H$2:$H$5000,"*LO1*",'Station Responses'!$E$2:$E$5000,"pre-test",'Station Responses'!$T$2:$T$5000,FALSE),"") | H2: =IFERROR(AVERAGEIFS('Station Responses'!$K$2:$K$5000,'Station Responses'!$H$2:$H$5000,"*LO1*",'Station Responses'!$E$2:$E$5000,"post-test",'Station Responses'!$T$2:$T$5000,FALSE),"") | I2: =IFERROR(H2-G2,"")
A3: LO2 | B3: History and physical examination | C3: 5 | D3: =COUNTIFS('Station Responses'!$H$2:$H$5000,"*LO2*",'Station Responses'!$E$2:$E$5000,"practice",'Station Responses'!$T$2:$T$5000,FALSE) | E3: =IFERROR(AVERAGEIFS('Station Responses'!$K$2:$K$5000,'Station Responses'!$H$2:$H$5000,"*LO2*",'Station Responses'!$E$2:$E$5000,"practice",'Station Responses'!$T$2:$T$5000,FALSE),"") | F3: =IFERROR(COUNTIFS('Station Responses'!$H$2:$H$5000,"*LO2*",'Station Responses'!$E$2:$E$5000,"practice",'Station Responses'!$K$2:$K$5000,0,'Station Responses'!$L$2:$L$5000,1,'Station Responses'!$T$2:$T$5000,FALSE)/COUNTIFS('Station Responses'!$H$2:$H$5000,"*LO2*",'Station Responses'!$E$2:$E$5000,"practice",'Station Responses'!$K$2:$K$5000,0,'Station Responses'!$T$2:$T$5000,FALSE),"") | G3: =IFERROR(AVERAGEIFS('Station Responses'!$K$2:$K$5000,'Station Responses'!$H$2:$H$5000,"*LO2*",'Station Responses'!$E$2:$E$5000,"pre-test",'Station Responses'!$T$2:$T$5000,FALSE),"") | H3: =IFERROR(AVERAGEIFS('Station Responses'!$K$2:$K$5000,'Station Responses'!$H$2:$H$5000,"*LO2*",'Station Responses'!$E$2:$E$5000,"post-test",'Station Responses'!$T$2:$T$5000,FALSE),"") | I3: =IFERROR(H3-G3,"")
A4: LO3 | B4: Choose and interpret imaging | C4: 6 | D4: =COUNTIFS('Station Responses'!$H$2:$H$5000,"*LO3*",'Station Responses'!$E$2:$E$5000,"practice",'Station Responses'!$T$2:$T$5000,FALSE) | E4: =IFERROR(AVERAGEIFS('Station Responses'!$K$2:$K$5000,'Station Responses'!$H$2:$H$5000,"*LO3*",'Station Responses'!$E$2:$E$5000,"practice",'Station Responses'!$T$2:$T$5000,FALSE),"") | F4: =IFERROR(COUNTIFS('Station Responses'!$H$2:$H$5000,"*LO3*",'Station Responses'!$E$2:$E$5000,"practice",'Station Responses'!$K$2:$K$5000,0,'Station Responses'!$L$2:$L$5000,1,'Station Responses'!$T$2:$T$5000,FALSE)/COUNTIFS('Station Responses'!$H$2:$H$5000,"*LO3*",'Station Responses'!$E$2:$E$5000,"practice",'Station Responses'!$K$2:$K$5000,0,'Station Responses'!$T$2:$T$5000,FALSE),"") | G4: =IFERROR(AVERAGEIFS('Station Responses'!$K$2:$K$5000,'Station Responses'!$H$2:$H$5000,"*LO3*",'Station Responses'!$E$2:$E$5000,"pre-test",'Station Responses'!$T$2:$T$5000,FALSE),"") | H4: =IFERROR(AVERAGEIFS('Station Responses'!$K$2:$K$5000,'Station Responses'!$H$2:$H$5000,"*LO3*",'Station Responses'!$E$2:$E$5000,"post-test",'Station Responses'!$T$2:$T$5000,FALSE),"") | I4: =IFERROR(H4-G4,"")
A5: LO4 | B5: Open vs closed pelvic fracture | C5: 4 | D5: =COUNTIFS('Station Responses'!$H$2:$H$5000,"*LO4*",'Station Responses'!$E$2:$E$5000,"practice",'Station Responses'!$T$2:$T$5000,FALSE) | E5: =IFERROR(AVERAGEIFS('Station Responses'!$K$2:$K$5000,'Station Responses'!$H$2:$H$5000,"*LO4*",'Station Responses'!$E$2:$E$5000,"practice",'Station Responses'!$T$2:$T$5000,FALSE),"") | F5: =IFERROR(COUNTIFS('Station Responses'!$H$2:$H$5000,"*LO4*",'Station Responses'!$E$2:$E$5000,"practice",'Station Responses'!$K$2:$K$5000,0,'Station Responses'!$L$2:$L$5000,1,'Station Responses'!$T$2:$T$5000,FALSE)/COUNTIFS('Station Responses'!$H$2:$H$5000,"*LO4*",'Station Responses'!$E$2:$E$5000,"practice",'Station Responses'!$K$2:$K$5000,0,'Station Responses'!$T$2:$T$5000,FALSE),"") | G5: =IFERROR(AVERAGEIFS('Station Responses'!$K$2:$K$5000,'Station Responses'!$H$2:$H$5000,"*LO4*",'Station Responses'!$E$2:$E$5000,"pre-test",'Station Responses'!$T$2:$T$5000,FALSE),"") | H5: =IFERROR(AVERAGEIFS('Station Responses'!$K$2:$K$5000,'Station Responses'!$H$2:$H$5000,"*LO4*",'Station Responses'!$E$2:$E$5000,"post-test",'Station Responses'!$T$2:$T$5000,FALSE),"") | I5: =IFERROR(H5-G5,"")
A6: LO5 | B6: Initial treatment: shock, resuscitation, open fracture | C6: 8 | D6: =COUNTIFS('Station Responses'!$H$2:$H$5000,"*LO5*",'Station Responses'!$E$2:$E$5000,"practice",'Station Responses'!$T$2:$T$5000,FALSE) | E6: =IFERROR(AVERAGEIFS('Station Responses'!$K$2:$K$5000,'Station Responses'!$H$2:$H$5000,"*LO5*",'Station Responses'!$E$2:$E$5000,"practice",'Station Responses'!$T$2:$T$5000,FALSE),"") | F6: =IFERROR(COUNTIFS('Station Responses'!$H$2:$H$5000,"*LO5*",'Station Responses'!$E$2:$E$5000,"practice",'Station Responses'!$K$2:$K$5000,0,'Station Responses'!$L$2:$L$5000,1,'Station Responses'!$T$2:$T$5000,FALSE)/COUNTIFS('Station Responses'!$H$2:$H$5000,"*LO5*",'Station Responses'!$E$2:$E$5000,"practice",'Station Responses'!$K$2:$K$5000,0,'Station Responses'!$T$2:$T$5000,FALSE),"") | G6: =IFERROR(AVERAGEIFS('Station Responses'!$K$2:$K$5000,'Station Responses'!$H$2:$H$5000,"*LO5*",'Station Responses'!$E$2:$E$5000,"pre-test",'Station Responses'!$T$2:$T$5000,FALSE),"") | H6: =IFERROR(AVERAGEIFS('Station Responses'!$K$2:$K$5000,'Station Responses'!$H$2:$H$5000,"*LO5*",'Station Responses'!$E$2:$E$5000,"post-test",'Station Responses'!$T$2:$T$5000,FALSE),"") | I6: =IFERROR(H6-G6,"")
A7: LO6 | B7: Pelvic binder: indication and application | C7: 3 | D7: =COUNTIFS('Station Responses'!$H$2:$H$5000,"*LO6*",'Station Responses'!$E$2:$E$5000,"practice",'Station Responses'!$T$2:$T$5000,FALSE) | E7: =IFERROR(AVERAGEIFS('Station Responses'!$K$2:$K$5000,'Station Responses'!$H$2:$H$5000,"*LO6*",'Station Responses'!$E$2:$E$5000,"practice",'Station Responses'!$T$2:$T$5000,FALSE),"") | F7: =IFERROR(COUNTIFS('Station Responses'!$H$2:$H$5000,"*LO6*",'Station Responses'!$E$2:$E$5000,"practice",'Station Responses'!$K$2:$K$5000,0,'Station Responses'!$L$2:$L$5000,1,'Station Responses'!$T$2:$T$5000,FALSE)/COUNTIFS('Station Responses'!$H$2:$H$5000,"*LO6*",'Station Responses'!$E$2:$E$5000,"practice",'Station Responses'!$K$2:$K$5000,0,'Station Responses'!$T$2:$T$5000,FALSE),"") | G7: =IFERROR(AVERAGEIFS('Station Responses'!$K$2:$K$5000,'Station Responses'!$H$2:$H$5000,"*LO6*",'Station Responses'!$E$2:$E$5000,"pre-test",'Station Responses'!$T$2:$T$5000,FALSE),"") | H7: =IFERROR(AVERAGEIFS('Station Responses'!$K$2:$K$5000,'Station Responses'!$H$2:$H$5000,"*LO6*",'Station Responses'!$E$2:$E$5000,"post-test",'Station Responses'!$T$2:$T$5000,FALSE),"") | I7: =IFERROR(H7-G7,"")
A8: LO7 | B8: Referral and handover | C8: 3 | D8: =COUNTIFS('Station Responses'!$H$2:$H$5000,"*LO7*",'Station Responses'!$E$2:$E$5000,"practice",'Station Responses'!$T$2:$T$5000,FALSE) | E8: =IFERROR(AVERAGEIFS('Station Responses'!$K$2:$K$5000,'Station Responses'!$H$2:$H$5000,"*LO7*",'Station Responses'!$E$2:$E$5000,"practice",'Station Responses'!$T$2:$T$5000,FALSE),"") | F8: =IFERROR(COUNTIFS('Station Responses'!$H$2:$H$5000,"*LO7*",'Station Responses'!$E$2:$E$5000,"practice",'Station Responses'!$K$2:$K$5000,0,'Station Responses'!$L$2:$L$5000,1,'Station Responses'!$T$2:$T$5000,FALSE)/COUNTIFS('Station Responses'!$H$2:$H$5000,"*LO7*",'Station Responses'!$E$2:$E$5000,"practice",'Station Responses'!$K$2:$K$5000,0,'Station Responses'!$T$2:$T$5000,FALSE),"") | G8: =IFERROR(AVERAGEIFS('Station Responses'!$K$2:$K$5000,'Station Responses'!$H$2:$H$5000,"*LO7*",'Station Responses'!$E$2:$E$5000,"pre-test",'Station Responses'!$T$2:$T$5000,FALSE),"") | H8: =IFERROR(AVERAGEIFS('Station Responses'!$K$2:$K$5000,'Station Responses'!$H$2:$H$5000,"*LO7*",'Station Responses'!$E$2:$E$5000,"post-test",'Station Responses'!$T$2:$T$5000,FALSE),"") | I8: =IFERROR(H8-G8,"")
A10: Mastery colour: red < 50%, amber 50–79%, green ≥ 80% first try. Per-learner objective % is in Attempts (LO1–LO7 columns).

Sheet Item Analysis
A1: Station | B1: Phase | C1: Case | D1: Title | E1: Objectives | F1: Bloom level | G1: Must-pass | H1: Answered (n) | I1: Difficulty p (first-try) | J1: Corrected after feedback % | K1: Discrimination D | L1: Mean time (s) | M1: Hint use % | N1: Flag | O1: Teaching point
A2: C0S1 | B2: practice | C2: Pelvis Academy | D2: Find the pelvic landmarks | E2: LO1 | F2: remember | G2: FALSE | H2: =COUNTIFS('Station Responses'!$F$2:$F$5000,"C0S1",'Station Responses'!$T$2:$T$5000,FALSE) | I2: =IFERROR(AVERAGEIFS('Station Responses'!$K$2:$K$5000,'Station Responses'!$F$2:$F$5000,"C0S1",'Station Responses'!$T$2:$T$5000,FALSE),"") | J2: =IFERROR(COUNTIFS('Station Responses'!$F$2:$F$5000,"C0S1",'Station Responses'!$T$2:$T$5000,FALSE,'Station Responses'!$K$2:$K$5000,0,'Station Responses'!$L$2:$L$5000,1)/COUNTIFS('Station Responses'!$F$2:$F$5000,"C0S1",'Station Responses'!$T$2:$T$5000,FALSE,'Station Responses'!$K$2:$K$5000,0),"") | K2: =IFERROR(AVERAGEIFS('Station Responses'!$K$2:$K$5000,'Station Responses'!$F$2:$F$5000,"C0S1",'Station Responses'!$T$2:$T$5000,FALSE,'Station Responses'!$S$2:$S$5000,"upper")-AVERAGEIFS('Station Responses'!$K$2:$K$5000,'Station Responses'!$F$2:$F$5000,"C0S1",'Station Responses'!$T$2:$T$5000,FALSE,'Station Responses'!$S$2:$S$5000,"lower"),"") | L2: =IFERROR(AVERAGEIFS('Station Responses'!$P$2:$P$5000,'Station Responses'!$F$2:$F$5000,"C0S1",'Station Responses'!$T$2:$T$5000,FALSE,'Station Responses'!$P$2:$P$5000,">0"),"") | M2: =IFERROR(COUNTIFS('Station Responses'!$F$2:$F$5000,"C0S1",'Station Responses'!$T$2:$T$5000,FALSE,'Station Responses'!$O$2:$O$5000,">0")/H2,"") | N2: =IF(H2<5,"too few answers",IF(I2<0.3,"very hard — review teaching or item",IF(I2>0.9,"very easy",IF(AND(K2<>"",K2<0.2),"low discrimination — review item","OK")))) | O2: The anterior and posterior ring form one linked structure.
A3: C0S2 | B3: practice | C3: Pelvis Academy | D3: Ligaments and their jobs | E3: LO1 | F3: understand | G3: FALSE | H3: =COUNTIFS('Station Responses'!$F$2:$F$5000,"C0S2",'Station Responses'!$T$2:$T$5000,FALSE) | I3: =IFERROR(AVERAGEIFS('Station Responses'!$K$2:$K$5000,'Station Responses'!$F$2:$F$5000,"C0S2",'Station Responses'!$T$2:$T$5000,FALSE),"") | J3: =IFERROR(COUNTIFS('Station Responses'!$F$2:$F$5000,"C0S2",'Station Responses'!$T$2:$T$5000,FALSE,'Station Responses'!$K$2:$K$5000,0,'Station Responses'!$L$2:$L$5000,1)/COUNTIFS('Station Responses'!$F$2:$F$5000,"C0S2",'Station Responses'!$T$2:$T$5000,FALSE,'Station Responses'!$K$2:$K$5000,0),"") | K3: =IFERROR(AVERAGEIFS('Station Responses'!$K$2:$K$5000,'Station Responses'!$F$2:$F$5000,"C0S2",'Station Responses'!$T$2:$T$5000,FALSE,'Station Responses'!$S$2:$S$5000,"upper")-AVERAGEIFS('Station Responses'!$K$2:$K$5000,'Station Responses'!$F$2:$F$5000,"C0S2",'Station Responses'!$T$2:$T$5000,FALSE,'Station Responses'!$S$2:$S$5000,"lower"),"") | L3: =IFERROR(AVERAGEIFS('Station Responses'!$P$2:$P$5000,'Station Responses'!$F$2:$F$5000,"C0S2",'Station Responses'!$T$2:$T$5000,FALSE,'Station Responses'!$P$2:$P$5000,">0"),"") | M3: =IFERROR(COUNTIFS('Station Responses'!$F$2:$F$5000,"C0S2",'Station Responses'!$T$2:$T$5000,FALSE,'Station Responses'!$O$2:$O$5000,">0")/H3,"") | N3: =IF(H3<5,"too few answers",IF(I3<0.3,"very hard — review teaching or item",IF(I3>0.9,"very easy",IF(AND(K3<>"",K3<0.2),"low discrimination — review item","OK")))) | O3: Ligament disruption explains instability clues.
A4: C0S3 | B4: practice | C4: Pelvis Academy | D4: Force detective | E4: LO1 | F4: understand | G4: FALSE | H4: =COUNTIFS('Station Responses'!$F$2:$F$5000,"C0S3",'Station Responses'!$T$2:$T$5000,FALSE) | I4: =IFERROR(AVERAGEIFS('Station Responses'!$K$2:$K$5000,'Station Responses'!$F$2:$F$5000,"C0S3",'Station Responses'!$T$2:$T$5000,FALSE),"") | J4: =IFERROR(COUNTIFS('Station Responses'!$F$2:$F$5000,"C0S3",'Station Responses'!$T$2:$T$5000,FALSE,'Station Responses'!$K$2:$K$5000,0,'Station Responses'!$L$2:$L$5000,1)/COUNTIFS('Station Responses'!$F$2:$F$5000,"C0S3",'Station Responses'!$T$2:$T$5000,FALSE,'Station Responses'!$K$2:$K$5000,0),"") | K4: =IFERROR(AVERAGEIFS('Station Responses'!$K$2:$K$5000,'Station Responses'!$F$2:$F$5000,"C0S3",'Station Responses'!$T$2:$T$5000,FALSE,'Station Responses'!$S$2:$S$5000,"upper")-AVERAGEIFS('Station Responses'!$K$2:$K$5000,'Station Responses'!$F$2:$F$5000,"C0S3",'Station Responses'!$T$2:$T$5000,FALSE,'Station Responses'!$S$2:$S$5000,"lower"),"") | L4: =IFERROR(AVERAGEIFS('Station Responses'!$P$2:$P$5000,'Station Responses'!$F$2:$F$5000,"C0S3",'Station Responses'!$T$2:$T$5000,FALSE,'Station Responses'!$P$2:$P$5000,">0"),"") | M4: =IFERROR(COUNTIFS('Station Responses'!$F$2:$F$5000,"C0S3",'Station Responses'!$T$2:$T$5000,FALSE,'Station Responses'!$O$2:$O$5000,">0")/H4,"") | N4: =IF(H4<5,"too few answers",IF(I4<0.3,"very hard — review teaching or item",IF(I4>0.9,"very easy",IF(AND(K4<>"",K4<0.2),"low discrimination — review item","OK")))) | O4: Mechanism suggests a pattern, not a definitive diagnosis.
A5: C0S4 | B5: practice | C5: Pelvis Academy | D5: Associated-injury collection | E5: LO1 | F5: understand | G5: FALSE | H5: =COUNTIFS('Station Responses'!$F$2:$F$5000,"C0S4",'Station Responses'!$T$2:$T$5000,FALSE) | I5: =IFERROR(AVERAGEIFS('Station Responses'!$K$2:$K$5000,'Station Responses'!$F$2:$F$5000,"C0S4",'Station Responses'!$T$2:$T$5000,FALSE),"") | J5: =IFERROR(COUNTIFS('Station Responses'!$F$2:$F$5000,"C0S4",'Station Responses'!$T$2:$T$5000,FALSE,'Station Responses'!$K$2:$K$5000,0,'Station Responses'!$L$2:$L$5000,1)/COUNTIFS('Station Responses'!$F$2:$F$5000,"C0S4",'Station Responses'!$T$2:$T$5000,FALSE,'Station Responses'!$K$2:$K$5000,0),"") | K5: =IFERROR(AVERAGEIFS('Station Responses'!$K$2:$K$5000,'Station Responses'!$F$2:$F$5000,"C0S4",'Station Responses'!$T$2:$T$5000,FALSE,'Station Responses'!$S$2:$S$5000,"upper")-AVERAGEIFS('Station Responses'!$K$2:$K$5000,'Station Responses'!$F$2:$F$5000,"C0S4",'Station Responses'!$T$2:$T$5000,FALSE,'Station Responses'!$S$2:$S$5000,"lower"),"") | L5: =IFERROR(AVERAGEIFS('Station Responses'!$P$2:$P$5000,'Station Responses'!$F$2:$F$5000,"C0S4",'Station Responses'!$T$2:$T$5000,FALSE,'Station Responses'!$P$2:$P$5000,">0"),"") | M5: =IFERROR(COUNTIFS('Station Responses'!$F$2:$F$5000,"C0S4",'Station Responses'!$T$2:$T$5000,FALSE,'Station Responses'!$O$2:$O$5000,">0")/H5,"") | N5: =IF(H5<5,"too few answers",IF(I5<0.3,"very hard — review teaching or item",IF(I5>0.9,"very easy",IF(AND(K5<>"",K5<0.2),"low discrimination — review item","OK")))) | O5: Look beyond the pelvis; these percentages describe the supplied source cohort.
A6: C1S1 | B6: practice | C6: Red Alert | D6: Primary survey track | E6: LO2 | F6: apply | G6: FALSE | H6: =COUNTIFS('Station Responses'!$F$2:$F$5000,"C1S1",'Station Responses'!$T$2:$T$5000,FALSE) | I6: =IFERROR(AVERAGEIFS('Station Responses'!$K$2:$K$5000,'Station Responses'!$F$2:$F$5000,"C1S1",'Station Responses'!$T$2:$T$5000,FALSE),"") | J6: =IFERROR(COUNTIFS('Station Responses'!$F$2:$F$5000,"C1S1",'Station Responses'!$T$2:$T$5000,FALSE,'Station Responses'!$K$2:$K$5000,0,'Station Responses'!$L$2:$L$5000,1)/COUNTIFS('Station Responses'!$F$2:$F$5000,"C1S1",'Station Responses'!$T$2:$T$5000,FALSE,'Station Responses'!$K$2:$K$5000,0),"") | K6: =IFERROR(AVERAGEIFS('Station Responses'!$K$2:$K$5000,'Station Responses'!$F$2:$F$5000,"C1S1",'Station Responses'!$T$2:$T$5000,FALSE,'Station Responses'!$S$2:$S$5000,"upper")-AVERAGEIFS('Station Responses'!$K$2:$K$5000,'Station Responses'!$F$2:$F$5000,"C1S1",'Station Responses'!$T$2:$T$5000,FALSE,'Station Responses'!$S$2:$S$5000,"lower"),"") | L6: =IFERROR(AVERAGEIFS('Station Responses'!$P$2:$P$5000,'Station Responses'!$F$2:$F$5000,"C1S1",'Station Responses'!$T$2:$T$5000,FALSE,'Station Responses'!$P$2:$P$5000,">0"),"") | M6: =IFERROR(COUNTIFS('Station Responses'!$F$2:$F$5000,"C1S1",'Station Responses'!$T$2:$T$5000,FALSE,'Station Responses'!$O$2:$O$5000,">0")/H6,"") | N6: =IF(H6<5,"too few answers",IF(I6<0.3,"very hard — review teaching or item",IF(I6>0.9,"very easy",IF(AND(K6<>"",K6<0.2),"low discrimination — review item","OK")))) | O6: ABCDE priorities guide a team working in parallel.
A7: C1S2 | B7: practice | C7: Red Alert | D7: Shock bucket | E7: LO5 | F7: understand | G7: FALSE | H7: =COUNTIFS('Station Responses'!$F$2:$F$5000,"C1S2",'Station Responses'!$T$2:$T$5000,FALSE) | I7: =IFERROR(AVERAGEIFS('Station Responses'!$K$2:$K$5000,'Station Responses'!$F$2:$F$5000,"C1S2",'Station Responses'!$T$2:$T$5000,FALSE),"") | J7: =IFERROR(COUNTIFS('Station Responses'!$F$2:$F$5000,"C1S2",'Station Responses'!$T$2:$T$5000,FALSE,'Station Responses'!$K$2:$K$5000,0,'Station Responses'!$L$2:$L$5000,1)/COUNTIFS('Station Responses'!$F$2:$F$5000,"C1S2",'Station Responses'!$T$2:$T$5000,FALSE,'Station Responses'!$K$2:$K$5000,0),"") | K7: =IFERROR(AVERAGEIFS('Station Responses'!$K$2:$K$5000,'Station Responses'!$F$2:$F$5000,"C1S2",'Station Responses'!$T$2:$T$5000,FALSE,'Station Responses'!$S$2:$S$5000,"upper")-AVERAGEIFS('Station Responses'!$K$2:$K$5000,'Station Responses'!$F$2:$F$5000,"C1S2",'Station Responses'!$T$2:$T$5000,FALSE,'Station Responses'!$S$2:$S$5000,"lower"),"") | L7: =IFERROR(AVERAGEIFS('Station Responses'!$P$2:$P$5000,'Station Responses'!$F$2:$F$5000,"C1S2",'Station Responses'!$T$2:$T$5000,FALSE,'Station Responses'!$P$2:$P$5000,">0"),"") | M7: =IFERROR(COUNTIFS('Station Responses'!$F$2:$F$5000,"C1S2",'Station Responses'!$T$2:$T$5000,FALSE,'Station Responses'!$O$2:$O$5000,">0")/H7,"") | N7: =IF(H7<5,"too few answers",IF(I7<0.3,"very hard — review teaching or item",IF(I7>0.9,"very easy",IF(AND(K7<>"",K7<0.2),"low discrimination — review item","OK")))) | O7: Class III is a teaching estimate; trends and response matter more than a bucket.
A8: C1S3 | B8: practice | C8: Red Alert | D8: Build the resuscitation hand | E8: LO5;LO6 | F8: understand | G8: FALSE | H8: =COUNTIFS('Station Responses'!$F$2:$F$5000,"C1S3",'Station Responses'!$T$2:$T$5000,FALSE) | I8: =IFERROR(AVERAGEIFS('Station Responses'!$K$2:$K$5000,'Station Responses'!$F$2:$F$5000,"C1S3",'Station Responses'!$T$2:$T$5000,FALSE),"") | J8: =IFERROR(COUNTIFS('Station Responses'!$F$2:$F$5000,"C1S3",'Station Responses'!$T$2:$T$5000,FALSE,'Station Responses'!$K$2:$K$5000,0,'Station Responses'!$L$2:$L$5000,1)/COUNTIFS('Station Responses'!$F$2:$F$5000,"C1S3",'Station Responses'!$T$2:$T$5000,FALSE,'Station Responses'!$K$2:$K$5000,0),"") | K8: =IFERROR(AVERAGEIFS('Station Responses'!$K$2:$K$5000,'Station Responses'!$F$2:$F$5000,"C1S3",'Station Responses'!$T$2:$T$5000,FALSE,'Station Responses'!$S$2:$S$5000,"upper")-AVERAGEIFS('Station Responses'!$K$2:$K$5000,'Station Responses'!$F$2:$F$5000,"C1S3",'Station Responses'!$T$2:$T$5000,FALSE,'Station Responses'!$S$2:$S$5000,"lower"),"") | L8: =IFERROR(AVERAGEIFS('Station Responses'!$P$2:$P$5000,'Station Responses'!$F$2:$F$5000,"C1S3",'Station Responses'!$T$2:$T$5000,FALSE,'Station Responses'!$P$2:$P$5000,">0"),"") | M8: =IFERROR(COUNTIFS('Station Responses'!$F$2:$F$5000,"C1S3",'Station Responses'!$T$2:$T$5000,FALSE,'Station Responses'!$O$2:$O$5000,">0")/H8,"") | N8: =IF(H8<5,"too few answers",IF(I8<0.3,"very hard — review teaching or item",IF(I8>0.9,"very easy",IF(AND(K8<>"",K8<0.2),"low discrimination — review item","OK")))) | O8: Prepare access, tests, blood and stabilization while escalating.
A9: C1S4 | B9: practice | C9: Red Alert | D9: Binder workshop on screen | E9: LO6 | F9: apply | G9: FALSE | H9: =COUNTIFS('Station Responses'!$F$2:$F$5000,"C1S4",'Station Responses'!$T$2:$T$5000,FALSE) | I9: =IFERROR(AVERAGEIFS('Station Responses'!$K$2:$K$5000,'Station Responses'!$F$2:$F$5000,"C1S4",'Station Responses'!$T$2:$T$5000,FALSE),"") | J9: =IFERROR(COUNTIFS('Station Responses'!$F$2:$F$5000,"C1S4",'Station Responses'!$T$2:$T$5000,FALSE,'Station Responses'!$K$2:$K$5000,0,'Station Responses'!$L$2:$L$5000,1)/COUNTIFS('Station Responses'!$F$2:$F$5000,"C1S4",'Station Responses'!$T$2:$T$5000,FALSE,'Station Responses'!$K$2:$K$5000,0),"") | K9: =IFERROR(AVERAGEIFS('Station Responses'!$K$2:$K$5000,'Station Responses'!$F$2:$F$5000,"C1S4",'Station Responses'!$T$2:$T$5000,FALSE,'Station Responses'!$S$2:$S$5000,"upper")-AVERAGEIFS('Station Responses'!$K$2:$K$5000,'Station Responses'!$F$2:$F$5000,"C1S4",'Station Responses'!$T$2:$T$5000,FALSE,'Station Responses'!$S$2:$S$5000,"lower"),"") | L9: =IFERROR(AVERAGEIFS('Station Responses'!$P$2:$P$5000,'Station Responses'!$F$2:$F$5000,"C1S4",'Station Responses'!$T$2:$T$5000,FALSE,'Station Responses'!$P$2:$P$5000,">0"),"") | M9: =IFERROR(COUNTIFS('Station Responses'!$F$2:$F$5000,"C1S4",'Station Responses'!$T$2:$T$5000,FALSE,'Station Responses'!$O$2:$O$5000,">0")/H9,"") | N9: =IF(H9<5,"too few answers",IF(I9<0.3,"very hard — review teaching or item",IF(I9>0.9,"very easy",IF(AND(K9<>"",K9<0.2),"low discrimination — review item","OK")))) | O9: Binder for every suspected pelvic fracture: centred on the greater trochanters, snug (not loose, not over-tight), legs internally rotated with padding; remove within 24 h.
A10: C1S5 | B10: practice | C10: Red Alert | D10: Stabilization picture | E10: LO6 | F10: apply | G10: FALSE | H10: =COUNTIFS('Station Responses'!$F$2:$F$5000,"C1S5",'Station Responses'!$T$2:$T$5000,FALSE) | I10: =IFERROR(AVERAGEIFS('Station Responses'!$K$2:$K$5000,'Station Responses'!$F$2:$F$5000,"C1S5",'Station Responses'!$T$2:$T$5000,FALSE),"") | J10: =IFERROR(COUNTIFS('Station Responses'!$F$2:$F$5000,"C1S5",'Station Responses'!$T$2:$T$5000,FALSE,'Station Responses'!$K$2:$K$5000,0,'Station Responses'!$L$2:$L$5000,1)/COUNTIFS('Station Responses'!$F$2:$F$5000,"C1S5",'Station Responses'!$T$2:$T$5000,FALSE,'Station Responses'!$K$2:$K$5000,0),"") | K10: =IFERROR(AVERAGEIFS('Station Responses'!$K$2:$K$5000,'Station Responses'!$F$2:$F$5000,"C1S5",'Station Responses'!$T$2:$T$5000,FALSE,'Station Responses'!$S$2:$S$5000,"upper")-AVERAGEIFS('Station Responses'!$K$2:$K$5000,'Station Responses'!$F$2:$F$5000,"C1S5",'Station Responses'!$T$2:$T$5000,FALSE,'Station Responses'!$S$2:$S$5000,"lower"),"") | L10: =IFERROR(AVERAGEIFS('Station Responses'!$P$2:$P$5000,'Station Responses'!$F$2:$F$5000,"C1S5",'Station Responses'!$T$2:$T$5000,FALSE,'Station Responses'!$P$2:$P$5000,">0"),"") | M10: =IFERROR(COUNTIFS('Station Responses'!$F$2:$F$5000,"C1S5",'Station Responses'!$T$2:$T$5000,FALSE,'Station Responses'!$O$2:$O$5000,">0")/H10,"") | N10: =IF(H10<5,"too few answers",IF(I10<0.3,"very hard — review teaching or item",IF(I10>0.9,"very easy",IF(AND(K10<>"",K10<0.2),"low discrimination — review item","OK")))) | O10: Stabilization supports clot formation; it does not prove bleeding has stopped.
A11: C1S6 | B11: practice | C11: Red Alert | D11: Where is the blood? | E11: LO5 | F11: apply | G11: FALSE | H11: =COUNTIFS('Station Responses'!$F$2:$F$5000,"C1S6",'Station Responses'!$T$2:$T$5000,FALSE) | I11: =IFERROR(AVERAGEIFS('Station Responses'!$K$2:$K$5000,'Station Responses'!$F$2:$F$5000,"C1S6",'Station Responses'!$T$2:$T$5000,FALSE),"") | J11: =IFERROR(COUNTIFS('Station Responses'!$F$2:$F$5000,"C1S6",'Station Responses'!$T$2:$T$5000,FALSE,'Station Responses'!$K$2:$K$5000,0,'Station Responses'!$L$2:$L$5000,1)/COUNTIFS('Station Responses'!$F$2:$F$5000,"C1S6",'Station Responses'!$T$2:$T$5000,FALSE,'Station Responses'!$K$2:$K$5000,0),"") | K11: =IFERROR(AVERAGEIFS('Station Responses'!$K$2:$K$5000,'Station Responses'!$F$2:$F$5000,"C1S6",'Station Responses'!$T$2:$T$5000,FALSE,'Station Responses'!$S$2:$S$5000,"upper")-AVERAGEIFS('Station Responses'!$K$2:$K$5000,'Station Responses'!$F$2:$F$5000,"C1S6",'Station Responses'!$T$2:$T$5000,FALSE,'Station Responses'!$S$2:$S$5000,"lower"),"") | L11: =IFERROR(AVERAGEIFS('Station Responses'!$P$2:$P$5000,'Station Responses'!$F$2:$F$5000,"C1S6",'Station Responses'!$T$2:$T$5000,FALSE,'Station Responses'!$P$2:$P$5000,">0"),"") | M11: =IFERROR(COUNTIFS('Station Responses'!$F$2:$F$5000,"C1S6",'Station Responses'!$T$2:$T$5000,FALSE,'Station Responses'!$O$2:$O$5000,">0")/H11,"") | N11: =IF(H11<5,"too few answers",IF(I11<0.3,"very hard — review teaching or item",IF(I11>0.9,"very easy",IF(AND(K11<>"",K11<0.2),"low discrimination — review item","OK")))) | O11: Bleeding is 80% venous/bone and 20% arterial (superior gluteal most often). Angio-embolization finds an arterial source in only 10–15% and does not stop venous bleeding. 50–69% of unstable fractures need ≥4 U LPRC. Lactate ≥4: keep resuscitating; lactate <4: definitive fixation.
A12: C1S7 | B12: practice | C12: Red Alert | D12: Urgent SBAR | E12: LO7;LO5 | F12: apply | G12: FALSE | H12: =COUNTIFS('Station Responses'!$F$2:$F$5000,"C1S7",'Station Responses'!$T$2:$T$5000,FALSE) | I12: =IFERROR(AVERAGEIFS('Station Responses'!$K$2:$K$5000,'Station Responses'!$F$2:$F$5000,"C1S7",'Station Responses'!$T$2:$T$5000,FALSE),"") | J12: =IFERROR(COUNTIFS('Station Responses'!$F$2:$F$5000,"C1S7",'Station Responses'!$T$2:$T$5000,FALSE,'Station Responses'!$K$2:$K$5000,0,'Station Responses'!$L$2:$L$5000,1)/COUNTIFS('Station Responses'!$F$2:$F$5000,"C1S7",'Station Responses'!$T$2:$T$5000,FALSE,'Station Responses'!$K$2:$K$5000,0),"") | K12: =IFERROR(AVERAGEIFS('Station Responses'!$K$2:$K$5000,'Station Responses'!$F$2:$F$5000,"C1S7",'Station Responses'!$T$2:$T$5000,FALSE,'Station Responses'!$S$2:$S$5000,"upper")-AVERAGEIFS('Station Responses'!$K$2:$K$5000,'Station Responses'!$F$2:$F$5000,"C1S7",'Station Responses'!$T$2:$T$5000,FALSE,'Station Responses'!$S$2:$S$5000,"lower"),"") | L12: =IFERROR(AVERAGEIFS('Station Responses'!$P$2:$P$5000,'Station Responses'!$F$2:$F$5000,"C1S7",'Station Responses'!$T$2:$T$5000,FALSE,'Station Responses'!$P$2:$P$5000,">0"),"") | M12: =IFERROR(COUNTIFS('Station Responses'!$F$2:$F$5000,"C1S7",'Station Responses'!$T$2:$T$5000,FALSE,'Station Responses'!$O$2:$O$5000,">0")/H12,"") | N12: =IF(H12<5,"too few answers",IF(I12<0.3,"very hard — review teaching or item",IF(I12>0.9,"very easy",IF(AND(K12<>"",K12<0.2),"low discrimination — review item","OK")))) | O12: State physiology, response, uncertainty and an urgent request.
A13: C2S1 | B13: practice | C13: The Hidden Fracture | D13: Trauma-series films | E13: LO3 | F13: apply | G13: FALSE | H13: =COUNTIFS('Station Responses'!$F$2:$F$5000,"C2S1",'Station Responses'!$T$2:$T$5000,FALSE) | I13: =IFERROR(AVERAGEIFS('Station Responses'!$K$2:$K$5000,'Station Responses'!$F$2:$F$5000,"C2S1",'Station Responses'!$T$2:$T$5000,FALSE),"") | J13: =IFERROR(COUNTIFS('Station Responses'!$F$2:$F$5000,"C2S1",'Station Responses'!$T$2:$T$5000,FALSE,'Station Responses'!$K$2:$K$5000,0,'Station Responses'!$L$2:$L$5000,1)/COUNTIFS('Station Responses'!$F$2:$F$5000,"C2S1",'Station Responses'!$T$2:$T$5000,FALSE,'Station Responses'!$K$2:$K$5000,0),"") | K13: =IFERROR(AVERAGEIFS('Station Responses'!$K$2:$K$5000,'Station Responses'!$F$2:$F$5000,"C2S1",'Station Responses'!$T$2:$T$5000,FALSE,'Station Responses'!$S$2:$S$5000,"upper")-AVERAGEIFS('Station Responses'!$K$2:$K$5000,'Station Responses'!$F$2:$F$5000,"C2S1",'Station Responses'!$T$2:$T$5000,FALSE,'Station Responses'!$S$2:$S$5000,"lower"),"") | L13: =IFERROR(AVERAGEIFS('Station Responses'!$P$2:$P$5000,'Station Responses'!$F$2:$F$5000,"C2S1",'Station Responses'!$T$2:$T$5000,FALSE,'Station Responses'!$P$2:$P$5000,">0"),"") | M13: =IFERROR(COUNTIFS('Station Responses'!$F$2:$F$5000,"C2S1",'Station Responses'!$T$2:$T$5000,FALSE,'Station Responses'!$O$2:$O$5000,">0")/H13,"") | N13: =IF(H13<5,"too few answers",IF(I13<0.3,"very hard — review teaching or item",IF(I13>0.9,"very easy",IF(AND(K13<>"",K13<0.2),"low discrimination — review item","OK")))) | O13: Trauma series: C-spine lateral, chest AP and pelvis AP. The AP pelvis picks up about 90% of pelvic fractures; posterior injuries can still be missed.
A14: C2S2 | B14: practice | C14: The Hidden Fracture | D14: Read the ring | E14: LO3 | F14: apply | G14: FALSE | H14: =COUNTIFS('Station Responses'!$F$2:$F$5000,"C2S2",'Station Responses'!$T$2:$T$5000,FALSE) | I14: =IFERROR(AVERAGEIFS('Station Responses'!$K$2:$K$5000,'Station Responses'!$F$2:$F$5000,"C2S2",'Station Responses'!$T$2:$T$5000,FALSE),"") | J14: =IFERROR(COUNTIFS('Station Responses'!$F$2:$F$5000,"C2S2",'Station Responses'!$T$2:$T$5000,FALSE,'Station Responses'!$K$2:$K$5000,0,'Station Responses'!$L$2:$L$5000,1)/COUNTIFS('Station Responses'!$F$2:$F$5000,"C2S2",'Station Responses'!$T$2:$T$5000,FALSE,'Station Responses'!$K$2:$K$5000,0),"") | K14: =IFERROR(AVERAGEIFS('Station Responses'!$K$2:$K$5000,'Station Responses'!$F$2:$F$5000,"C2S2",'Station Responses'!$T$2:$T$5000,FALSE,'Station Responses'!$S$2:$S$5000,"upper")-AVERAGEIFS('Station Responses'!$K$2:$K$5000,'Station Responses'!$F$2:$F$5000,"C2S2",'Station Responses'!$T$2:$T$5000,FALSE,'Station Responses'!$S$2:$S$5000,"lower"),"") | L14: =IFERROR(AVERAGEIFS('Station Responses'!$P$2:$P$5000,'Station Responses'!$F$2:$F$5000,"C2S2",'Station Responses'!$T$2:$T$5000,FALSE,'Station Responses'!$P$2:$P$5000,">0"),"") | M14: =IFERROR(COUNTIFS('Station Responses'!$F$2:$F$5000,"C2S2",'Station Responses'!$T$2:$T$5000,FALSE,'Station Responses'!$O$2:$O$5000,">0")/H14,"") | N14: =IF(H14<5,"too few answers",IF(I14<0.3,"very hard — review teaching or item",IF(I14>0.9,"very easy",IF(AND(K14<>"",K14<0.2),"low discrimination — review item","OK")))) | O14: Read the AP pelvis systematically around the whole ring and both hips. Four rami broken (straddle fracture) means: suspect a posterior ring injury too.
A15: C2S3 | B15: practice | C15: The Hidden Fracture | D15: Beam and view pairs | E15: LO3 | F15: understand | G15: FALSE | H15: =COUNTIFS('Station Responses'!$F$2:$F$5000,"C2S3",'Station Responses'!$T$2:$T$5000,FALSE) | I15: =IFERROR(AVERAGEIFS('Station Responses'!$K$2:$K$5000,'Station Responses'!$F$2:$F$5000,"C2S3",'Station Responses'!$T$2:$T$5000,FALSE),"") | J15: =IFERROR(COUNTIFS('Station Responses'!$F$2:$F$5000,"C2S3",'Station Responses'!$T$2:$T$5000,FALSE,'Station Responses'!$K$2:$K$5000,0,'Station Responses'!$L$2:$L$5000,1)/COUNTIFS('Station Responses'!$F$2:$F$5000,"C2S3",'Station Responses'!$T$2:$T$5000,FALSE,'Station Responses'!$K$2:$K$5000,0),"") | K15: =IFERROR(AVERAGEIFS('Station Responses'!$K$2:$K$5000,'Station Responses'!$F$2:$F$5000,"C2S3",'Station Responses'!$T$2:$T$5000,FALSE,'Station Responses'!$S$2:$S$5000,"upper")-AVERAGEIFS('Station Responses'!$K$2:$K$5000,'Station Responses'!$F$2:$F$5000,"C2S3",'Station Responses'!$T$2:$T$5000,FALSE,'Station Responses'!$S$2:$S$5000,"lower"),"") | L15: =IFERROR(AVERAGEIFS('Station Responses'!$P$2:$P$5000,'Station Responses'!$F$2:$F$5000,"C2S3",'Station Responses'!$T$2:$T$5000,FALSE,'Station Responses'!$P$2:$P$5000,">0"),"") | M15: =IFERROR(COUNTIFS('Station Responses'!$F$2:$F$5000,"C2S3",'Station Responses'!$T$2:$T$5000,FALSE,'Station Responses'!$O$2:$O$5000,">0")/H15,"") | N15: =IF(H15<5,"too few answers",IF(I15<0.3,"very hard — review teaching or item",IF(I15>0.9,"very easy",IF(AND(K15<>"",K15<0.2),"low discrimination — review item","OK")))) | O15: Inlet assesses AP displacement; outlet assesses vertical displacement.
A16: C2S4 | B16: practice | C16: The Hidden Fracture | D16: Stability clue sort | E16: LO3 | F16: understand | G16: FALSE | H16: =COUNTIFS('Station Responses'!$F$2:$F$5000,"C2S4",'Station Responses'!$T$2:$T$5000,FALSE) | I16: =IFERROR(AVERAGEIFS('Station Responses'!$K$2:$K$5000,'Station Responses'!$F$2:$F$5000,"C2S4",'Station Responses'!$T$2:$T$5000,FALSE),"") | J16: =IFERROR(COUNTIFS('Station Responses'!$F$2:$F$5000,"C2S4",'Station Responses'!$T$2:$T$5000,FALSE,'Station Responses'!$K$2:$K$5000,0,'Station Responses'!$L$2:$L$5000,1)/COUNTIFS('Station Responses'!$F$2:$F$5000,"C2S4",'Station Responses'!$T$2:$T$5000,FALSE,'Station Responses'!$K$2:$K$5000,0),"") | K16: =IFERROR(AVERAGEIFS('Station Responses'!$K$2:$K$5000,'Station Responses'!$F$2:$F$5000,"C2S4",'Station Responses'!$T$2:$T$5000,FALSE,'Station Responses'!$S$2:$S$5000,"upper")-AVERAGEIFS('Station Responses'!$K$2:$K$5000,'Station Responses'!$F$2:$F$5000,"C2S4",'Station Responses'!$T$2:$T$5000,FALSE,'Station Responses'!$S$2:$S$5000,"lower"),"") | L16: =IFERROR(AVERAGEIFS('Station Responses'!$P$2:$P$5000,'Station Responses'!$F$2:$F$5000,"C2S4",'Station Responses'!$T$2:$T$5000,FALSE,'Station Responses'!$P$2:$P$5000,">0"),"") | M16: =IFERROR(COUNTIFS('Station Responses'!$F$2:$F$5000,"C2S4",'Station Responses'!$T$2:$T$5000,FALSE,'Station Responses'!$O$2:$O$5000,">0")/H16,"") | N16: =IF(H16<5,"too few answers",IF(I16<0.3,"very hard — review teaching or item",IF(I16>0.9,"very easy",IF(AND(K16<>"",K16<0.2),"low discrimination — review item","OK")))) | O16: Normal physiology is not proof of mechanical stability.
A17: C2S5 | B17: practice | C17: The Hidden Fracture | D17: Safe CT transfer | E17: LO3;LO5 | F17: apply | G17: FALSE | H17: =COUNTIFS('Station Responses'!$F$2:$F$5000,"C2S5",'Station Responses'!$T$2:$T$5000,FALSE) | I17: =IFERROR(AVERAGEIFS('Station Responses'!$K$2:$K$5000,'Station Responses'!$F$2:$F$5000,"C2S5",'Station Responses'!$T$2:$T$5000,FALSE),"") | J17: =IFERROR(COUNTIFS('Station Responses'!$F$2:$F$5000,"C2S5",'Station Responses'!$T$2:$T$5000,FALSE,'Station Responses'!$K$2:$K$5000,0,'Station Responses'!$L$2:$L$5000,1)/COUNTIFS('Station Responses'!$F$2:$F$5000,"C2S5",'Station Responses'!$T$2:$T$5000,FALSE,'Station Responses'!$K$2:$K$5000,0),"") | K17: =IFERROR(AVERAGEIFS('Station Responses'!$K$2:$K$5000,'Station Responses'!$F$2:$F$5000,"C2S5",'Station Responses'!$T$2:$T$5000,FALSE,'Station Responses'!$S$2:$S$5000,"upper")-AVERAGEIFS('Station Responses'!$K$2:$K$5000,'Station Responses'!$F$2:$F$5000,"C2S5",'Station Responses'!$T$2:$T$5000,FALSE,'Station Responses'!$S$2:$S$5000,"lower"),"") | L17: =IFERROR(AVERAGEIFS('Station Responses'!$P$2:$P$5000,'Station Responses'!$F$2:$F$5000,"C2S5",'Station Responses'!$T$2:$T$5000,FALSE,'Station Responses'!$P$2:$P$5000,">0"),"") | M17: =IFERROR(COUNTIFS('Station Responses'!$F$2:$F$5000,"C2S5",'Station Responses'!$T$2:$T$5000,FALSE,'Station Responses'!$O$2:$O$5000,">0")/H17,"") | N17: =IF(H17<5,"too few answers",IF(I17<0.3,"very hard — review teaching or item",IF(I17>0.9,"very easy",IF(AND(K17<>"",K17<0.2),"low discrimination — review item","OK")))) | O17: Reassess physiology and capability before CT, while treatment continues.
A18: C2S6 | B18: practice | C18: The Hidden Fracture | D18: Pattern and urgency | E18: LO1;LO3;LO7 | F18: apply | G18: FALSE | H18: =COUNTIFS('Station Responses'!$F$2:$F$5000,"C2S6",'Station Responses'!$T$2:$T$5000,FALSE) | I18: =IFERROR(AVERAGEIFS('Station Responses'!$K$2:$K$5000,'Station Responses'!$F$2:$F$5000,"C2S6",'Station Responses'!$T$2:$T$5000,FALSE),"") | J18: =IFERROR(COUNTIFS('Station Responses'!$F$2:$F$5000,"C2S6",'Station Responses'!$T$2:$T$5000,FALSE,'Station Responses'!$K$2:$K$5000,0,'Station Responses'!$L$2:$L$5000,1)/COUNTIFS('Station Responses'!$F$2:$F$5000,"C2S6",'Station Responses'!$T$2:$T$5000,FALSE,'Station Responses'!$K$2:$K$5000,0),"") | K18: =IFERROR(AVERAGEIFS('Station Responses'!$K$2:$K$5000,'Station Responses'!$F$2:$F$5000,"C2S6",'Station Responses'!$T$2:$T$5000,FALSE,'Station Responses'!$S$2:$S$5000,"upper")-AVERAGEIFS('Station Responses'!$K$2:$K$5000,'Station Responses'!$F$2:$F$5000,"C2S6",'Station Responses'!$T$2:$T$5000,FALSE,'Station Responses'!$S$2:$S$5000,"lower"),"") | L18: =IFERROR(AVERAGEIFS('Station Responses'!$P$2:$P$5000,'Station Responses'!$F$2:$F$5000,"C2S6",'Station Responses'!$T$2:$T$5000,FALSE,'Station Responses'!$P$2:$P$5000,">0"),"") | M18: =IFERROR(COUNTIFS('Station Responses'!$F$2:$F$5000,"C2S6",'Station Responses'!$T$2:$T$5000,FALSE,'Station Responses'!$O$2:$O$5000,">0")/H18,"") | N18: =IF(H18<5,"too few answers",IF(I18<0.3,"very hard — review teaching or item",IF(I18>0.9,"very easy",IF(AND(K18<>"",K18<0.2),"low discrimination — review item","OK")))) | O18: Source-reported hip dislocation is an orthopaedic urgency; escalate, do not reduce independently.
A19: C3S1 | B19: practice | C19: Danger Down Below | D19: AMPLE collection | E19: LO2 | F19: apply | G19: FALSE | H19: =COUNTIFS('Station Responses'!$F$2:$F$5000,"C3S1",'Station Responses'!$T$2:$T$5000,FALSE) | I19: =IFERROR(AVERAGEIFS('Station Responses'!$K$2:$K$5000,'Station Responses'!$F$2:$F$5000,"C3S1",'Station Responses'!$T$2:$T$5000,FALSE),"") | J19: =IFERROR(COUNTIFS('Station Responses'!$F$2:$F$5000,"C3S1",'Station Responses'!$T$2:$T$5000,FALSE,'Station Responses'!$K$2:$K$5000,0,'Station Responses'!$L$2:$L$5000,1)/COUNTIFS('Station Responses'!$F$2:$F$5000,"C3S1",'Station Responses'!$T$2:$T$5000,FALSE,'Station Responses'!$K$2:$K$5000,0),"") | K19: =IFERROR(AVERAGEIFS('Station Responses'!$K$2:$K$5000,'Station Responses'!$F$2:$F$5000,"C3S1",'Station Responses'!$T$2:$T$5000,FALSE,'Station Responses'!$S$2:$S$5000,"upper")-AVERAGEIFS('Station Responses'!$K$2:$K$5000,'Station Responses'!$F$2:$F$5000,"C3S1",'Station Responses'!$T$2:$T$5000,FALSE,'Station Responses'!$S$2:$S$5000,"lower"),"") | L19: =IFERROR(AVERAGEIFS('Station Responses'!$P$2:$P$5000,'Station Responses'!$F$2:$F$5000,"C3S1",'Station Responses'!$T$2:$T$5000,FALSE,'Station Responses'!$P$2:$P$5000,">0"),"") | M19: =IFERROR(COUNTIFS('Station Responses'!$F$2:$F$5000,"C3S1",'Station Responses'!$T$2:$T$5000,FALSE,'Station Responses'!$O$2:$O$5000,">0")/H19,"") | N19: =IF(H19<5,"too few answers",IF(I19<0.3,"very hard — review teaching or item",IF(I19>0.9,"very easy",IF(AND(K19<>"",K19<0.2),"low discrimination — review item","OK")))) | O19: Gather AMPLE without delaying resuscitation.
A20: C3S2 | B20: practice | C20: Danger Down Below | D20: Sensitive examination clues | E20: LO2;LO4 | F20: understand | G20: FALSE | H20: =COUNTIFS('Station Responses'!$F$2:$F$5000,"C3S2",'Station Responses'!$T$2:$T$5000,FALSE) | I20: =IFERROR(AVERAGEIFS('Station Responses'!$K$2:$K$5000,'Station Responses'!$F$2:$F$5000,"C3S2",'Station Responses'!$T$2:$T$5000,FALSE),"") | J20: =IFERROR(COUNTIFS('Station Responses'!$F$2:$F$5000,"C3S2",'Station Responses'!$T$2:$T$5000,FALSE,'Station Responses'!$K$2:$K$5000,0,'Station Responses'!$L$2:$L$5000,1)/COUNTIFS('Station Responses'!$F$2:$F$5000,"C3S2",'Station Responses'!$T$2:$T$5000,FALSE,'Station Responses'!$K$2:$K$5000,0),"") | K20: =IFERROR(AVERAGEIFS('Station Responses'!$K$2:$K$5000,'Station Responses'!$F$2:$F$5000,"C3S2",'Station Responses'!$T$2:$T$5000,FALSE,'Station Responses'!$S$2:$S$5000,"upper")-AVERAGEIFS('Station Responses'!$K$2:$K$5000,'Station Responses'!$F$2:$F$5000,"C3S2",'Station Responses'!$T$2:$T$5000,FALSE,'Station Responses'!$S$2:$S$5000,"lower"),"") | L20: =IFERROR(AVERAGEIFS('Station Responses'!$P$2:$P$5000,'Station Responses'!$F$2:$F$5000,"C3S2",'Station Responses'!$T$2:$T$5000,FALSE,'Station Responses'!$P$2:$P$5000,">0"),"") | M20: =IFERROR(COUNTIFS('Station Responses'!$F$2:$F$5000,"C3S2",'Station Responses'!$T$2:$T$5000,FALSE,'Station Responses'!$O$2:$O$5000,">0")/H20,"") | N20: =IF(H20<5,"too few answers",IF(I20<0.3,"very hard — review teaching or item",IF(I20>0.9,"very easy",IF(AND(K20<>"",K20<0.2),"low discrimination — review item","OK")))) | O20: Examine the perineum with consent and a chaperone: blood at the meatus or a high-riding prostate on PR suggests urethral injury; blood on PR or PV means an open (internal) pelvic fracture until proven otherwise.
A21: C3S3 | B21: practice | C21: Danger Down Below | D21: Compression-test safety | E21: LO2 | F21: apply | G21: FALSE | H21: =COUNTIFS('Station Responses'!$F$2:$F$5000,"C3S3",'Station Responses'!$T$2:$T$5000,FALSE) | I21: =IFERROR(AVERAGEIFS('Station Responses'!$K$2:$K$5000,'Station Responses'!$F$2:$F$5000,"C3S3",'Station Responses'!$T$2:$T$5000,FALSE),"") | J21: =IFERROR(COUNTIFS('Station Responses'!$F$2:$F$5000,"C3S3",'Station Responses'!$T$2:$T$5000,FALSE,'Station Responses'!$K$2:$K$5000,0,'Station Responses'!$L$2:$L$5000,1)/COUNTIFS('Station Responses'!$F$2:$F$5000,"C3S3",'Station Responses'!$T$2:$T$5000,FALSE,'Station Responses'!$K$2:$K$5000,0),"") | K21: =IFERROR(AVERAGEIFS('Station Responses'!$K$2:$K$5000,'Station Responses'!$F$2:$F$5000,"C3S3",'Station Responses'!$T$2:$T$5000,FALSE,'Station Responses'!$S$2:$S$5000,"upper")-AVERAGEIFS('Station Responses'!$K$2:$K$5000,'Station Responses'!$F$2:$F$5000,"C3S3",'Station Responses'!$T$2:$T$5000,FALSE,'Station Responses'!$S$2:$S$5000,"lower"),"") | L21: =IFERROR(AVERAGEIFS('Station Responses'!$P$2:$P$5000,'Station Responses'!$F$2:$F$5000,"C3S3",'Station Responses'!$T$2:$T$5000,FALSE,'Station Responses'!$P$2:$P$5000,">0"),"") | M21: =IFERROR(COUNTIFS('Station Responses'!$F$2:$F$5000,"C3S3",'Station Responses'!$T$2:$T$5000,FALSE,'Station Responses'!$O$2:$O$5000,">0")/H21,"") | N21: =IF(H21<5,"too few answers",IF(I21<0.3,"very hard — review teaching or item",IF(I21>0.9,"very easy",IF(AND(K21<>"",K21<0.2),"low discrimination — review item","OK")))) | O21: Pelvic compression test = 3 gentle manoeuvres, done once only. Do not do it in an unstable patient, and stop after the first positive step.
A22: C3S4 | B22: practice | C22: Danger Down Below | D22: Open, closed or degloving? | E22: LO4 | F22: understand | G22: FALSE | H22: =COUNTIFS('Station Responses'!$F$2:$F$5000,"C3S4",'Station Responses'!$T$2:$T$5000,FALSE) | I22: =IFERROR(AVERAGEIFS('Station Responses'!$K$2:$K$5000,'Station Responses'!$F$2:$F$5000,"C3S4",'Station Responses'!$T$2:$T$5000,FALSE),"") | J22: =IFERROR(COUNTIFS('Station Responses'!$F$2:$F$5000,"C3S4",'Station Responses'!$T$2:$T$5000,FALSE,'Station Responses'!$K$2:$K$5000,0,'Station Responses'!$L$2:$L$5000,1)/COUNTIFS('Station Responses'!$F$2:$F$5000,"C3S4",'Station Responses'!$T$2:$T$5000,FALSE,'Station Responses'!$K$2:$K$5000,0),"") | K22: =IFERROR(AVERAGEIFS('Station Responses'!$K$2:$K$5000,'Station Responses'!$F$2:$F$5000,"C3S4",'Station Responses'!$T$2:$T$5000,FALSE,'Station Responses'!$S$2:$S$5000,"upper")-AVERAGEIFS('Station Responses'!$K$2:$K$5000,'Station Responses'!$F$2:$F$5000,"C3S4",'Station Responses'!$T$2:$T$5000,FALSE,'Station Responses'!$S$2:$S$5000,"lower"),"") | L22: =IFERROR(AVERAGEIFS('Station Responses'!$P$2:$P$5000,'Station Responses'!$F$2:$F$5000,"C3S4",'Station Responses'!$T$2:$T$5000,FALSE,'Station Responses'!$P$2:$P$5000,">0"),"") | M22: =IFERROR(COUNTIFS('Station Responses'!$F$2:$F$5000,"C3S4",'Station Responses'!$T$2:$T$5000,FALSE,'Station Responses'!$O$2:$O$5000,">0")/H22,"") | N22: =IF(H22<5,"too few answers",IF(I22<0.3,"very hard — review teaching or item",IF(I22>0.9,"very easy",IF(AND(K22<>"",K22<0.2),"low discrimination — review item","OK")))) | O22: Open = a wound that communicates with the fracture: external (perineal wound, fat globules or bone in the wound) or internal (blood PR/PV). Mortality of open pelvic fracture is 30–50%.
A23: C3S5 | B23: practice | C23: Danger Down Below | D23: GU danger cards | E23: LO2;LO5 | F23: apply | G23: FALSE | H23: =COUNTIFS('Station Responses'!$F$2:$F$5000,"C3S5",'Station Responses'!$T$2:$T$5000,FALSE) | I23: =IFERROR(AVERAGEIFS('Station Responses'!$K$2:$K$5000,'Station Responses'!$F$2:$F$5000,"C3S5",'Station Responses'!$T$2:$T$5000,FALSE),"") | J23: =IFERROR(COUNTIFS('Station Responses'!$F$2:$F$5000,"C3S5",'Station Responses'!$T$2:$T$5000,FALSE,'Station Responses'!$K$2:$K$5000,0,'Station Responses'!$L$2:$L$5000,1)/COUNTIFS('Station Responses'!$F$2:$F$5000,"C3S5",'Station Responses'!$T$2:$T$5000,FALSE,'Station Responses'!$K$2:$K$5000,0),"") | K23: =IFERROR(AVERAGEIFS('Station Responses'!$K$2:$K$5000,'Station Responses'!$F$2:$F$5000,"C3S5",'Station Responses'!$T$2:$T$5000,FALSE,'Station Responses'!$S$2:$S$5000,"upper")-AVERAGEIFS('Station Responses'!$K$2:$K$5000,'Station Responses'!$F$2:$F$5000,"C3S5",'Station Responses'!$T$2:$T$5000,FALSE,'Station Responses'!$S$2:$S$5000,"lower"),"") | L23: =IFERROR(AVERAGEIFS('Station Responses'!$P$2:$P$5000,'Station Responses'!$F$2:$F$5000,"C3S5",'Station Responses'!$T$2:$T$5000,FALSE,'Station Responses'!$P$2:$P$5000,">0"),"") | M23: =IFERROR(COUNTIFS('Station Responses'!$F$2:$F$5000,"C3S5",'Station Responses'!$T$2:$T$5000,FALSE,'Station Responses'!$O$2:$O$5000,">0")/H23,"") | N23: =IF(H23<5,"too few answers",IF(I23<0.3,"very hard — review teaching or item",IF(I23>0.9,"very easy",IF(AND(K23<>"",K23<0.2),"low discrimination — review item","OK")))) | O23: No blind Foley with meatal bleeding: ask the senior/urology team for assessment.
A24: C3S6 | B24: practice | C24: Danger Down Below | D24: Open-fracture source bundle | E24: LO4;LO5 | F24: understand | G24: FALSE | H24: =COUNTIFS('Station Responses'!$F$2:$F$5000,"C3S6",'Station Responses'!$T$2:$T$5000,FALSE) | I24: =IFERROR(AVERAGEIFS('Station Responses'!$K$2:$K$5000,'Station Responses'!$F$2:$F$5000,"C3S6",'Station Responses'!$T$2:$T$5000,FALSE),"") | J24: =IFERROR(COUNTIFS('Station Responses'!$F$2:$F$5000,"C3S6",'Station Responses'!$T$2:$T$5000,FALSE,'Station Responses'!$K$2:$K$5000,0,'Station Responses'!$L$2:$L$5000,1)/COUNTIFS('Station Responses'!$F$2:$F$5000,"C3S6",'Station Responses'!$T$2:$T$5000,FALSE,'Station Responses'!$K$2:$K$5000,0),"") | K24: =IFERROR(AVERAGEIFS('Station Responses'!$K$2:$K$5000,'Station Responses'!$F$2:$F$5000,"C3S6",'Station Responses'!$T$2:$T$5000,FALSE,'Station Responses'!$S$2:$S$5000,"upper")-AVERAGEIFS('Station Responses'!$K$2:$K$5000,'Station Responses'!$F$2:$F$5000,"C3S6",'Station Responses'!$T$2:$T$5000,FALSE,'Station Responses'!$S$2:$S$5000,"lower"),"") | L24: =IFERROR(AVERAGEIFS('Station Responses'!$P$2:$P$5000,'Station Responses'!$F$2:$F$5000,"C3S6",'Station Responses'!$T$2:$T$5000,FALSE,'Station Responses'!$P$2:$P$5000,">0"),"") | M24: =IFERROR(COUNTIFS('Station Responses'!$F$2:$F$5000,"C3S6",'Station Responses'!$T$2:$T$5000,FALSE,'Station Responses'!$O$2:$O$5000,">0")/H24,"") | N24: =IF(H24<5,"too few answers",IF(I24<0.3,"very hard — review teaching or item",IF(I24>0.9,"very easy",IF(AND(K24<>"",K24<0.2),"low discrimination — review item","OK")))) | O24: Open pelvic fracture: IV antibiotics by Gustilo grade within 3 h, tetanus prophylaxis and urgent surgical debridement. Check allergy, weight and kidney function before prescribing.
A25: C3S7 | B25: practice | C25: Danger Down Below | D25: Three-team handover | E25: LO7;LO4;LO5 | F25: apply | G25: FALSE | H25: =COUNTIFS('Station Responses'!$F$2:$F$5000,"C3S7",'Station Responses'!$T$2:$T$5000,FALSE) | I25: =IFERROR(AVERAGEIFS('Station Responses'!$K$2:$K$5000,'Station Responses'!$F$2:$F$5000,"C3S7",'Station Responses'!$T$2:$T$5000,FALSE),"") | J25: =IFERROR(COUNTIFS('Station Responses'!$F$2:$F$5000,"C3S7",'Station Responses'!$T$2:$T$5000,FALSE,'Station Responses'!$K$2:$K$5000,0,'Station Responses'!$L$2:$L$5000,1)/COUNTIFS('Station Responses'!$F$2:$F$5000,"C3S7",'Station Responses'!$T$2:$T$5000,FALSE,'Station Responses'!$K$2:$K$5000,0),"") | K25: =IFERROR(AVERAGEIFS('Station Responses'!$K$2:$K$5000,'Station Responses'!$F$2:$F$5000,"C3S7",'Station Responses'!$T$2:$T$5000,FALSE,'Station Responses'!$S$2:$S$5000,"upper")-AVERAGEIFS('Station Responses'!$K$2:$K$5000,'Station Responses'!$F$2:$F$5000,"C3S7",'Station Responses'!$T$2:$T$5000,FALSE,'Station Responses'!$S$2:$S$5000,"lower"),"") | L25: =IFERROR(AVERAGEIFS('Station Responses'!$P$2:$P$5000,'Station Responses'!$F$2:$F$5000,"C3S7",'Station Responses'!$T$2:$T$5000,FALSE,'Station Responses'!$P$2:$P$5000,">0"),"") | M25: =IFERROR(COUNTIFS('Station Responses'!$F$2:$F$5000,"C3S7",'Station Responses'!$T$2:$T$5000,FALSE,'Station Responses'!$O$2:$O$5000,">0")/H25,"") | N25: =IF(H25<5,"too few answers",IF(I25<0.3,"very hard — review teaching or item",IF(I25>0.9,"very easy",IF(AND(K25<>"",K25<0.2),"low discrimination — review item","OK")))) | O25: General surgery, orthopaedics and urology coordinate; double set-up is senior-led.
A26: C0B1 | B26: boss review | C26: Pelvis Academy | D26: Boss recall: Force detective | E26: LO1 | F26: understand | G26: FALSE | H26: =COUNTIFS('Station Responses'!$F$2:$F$5000,"C0B1",'Station Responses'!$T$2:$T$5000,FALSE) | I26: =IFERROR(AVERAGEIFS('Station Responses'!$K$2:$K$5000,'Station Responses'!$F$2:$F$5000,"C0B1",'Station Responses'!$T$2:$T$5000,FALSE),"") | J26: =IFERROR(COUNTIFS('Station Responses'!$F$2:$F$5000,"C0B1",'Station Responses'!$T$2:$T$5000,FALSE,'Station Responses'!$K$2:$K$5000,0,'Station Responses'!$L$2:$L$5000,1)/COUNTIFS('Station Responses'!$F$2:$F$5000,"C0B1",'Station Responses'!$T$2:$T$5000,FALSE,'Station Responses'!$K$2:$K$5000,0),"") | K26: =IFERROR(AVERAGEIFS('Station Responses'!$K$2:$K$5000,'Station Responses'!$F$2:$F$5000,"C0B1",'Station Responses'!$T$2:$T$5000,FALSE,'Station Responses'!$S$2:$S$5000,"upper")-AVERAGEIFS('Station Responses'!$K$2:$K$5000,'Station Responses'!$F$2:$F$5000,"C0B1",'Station Responses'!$T$2:$T$5000,FALSE,'Station Responses'!$S$2:$S$5000,"lower"),"") | L26: =IFERROR(AVERAGEIFS('Station Responses'!$P$2:$P$5000,'Station Responses'!$F$2:$F$5000,"C0B1",'Station Responses'!$T$2:$T$5000,FALSE,'Station Responses'!$P$2:$P$5000,">0"),"") | M26: =IFERROR(COUNTIFS('Station Responses'!$F$2:$F$5000,"C0B1",'Station Responses'!$T$2:$T$5000,FALSE,'Station Responses'!$O$2:$O$5000,">0")/H26,"") | N26: =IF(H26<5,"too few answers",IF(I26<0.3,"very hard — review teaching or item",IF(I26>0.9,"very easy",IF(AND(K26<>"",K26<0.2),"low discrimination — review item","OK")))) | O26: Mechanism suggests a pattern, not a definitive diagnosis.
A27: C0B2 | B27: boss review | C27: Pelvis Academy | D27: Boss recall: Ligaments and their jobs | E27: LO1 | F27: understand | G27: FALSE | H27: =COUNTIFS('Station Responses'!$F$2:$F$5000,"C0B2",'Station Responses'!$T$2:$T$5000,FALSE) | I27: =IFERROR(AVERAGEIFS('Station Responses'!$K$2:$K$5000,'Station Responses'!$F$2:$F$5000,"C0B2",'Station Responses'!$T$2:$T$5000,FALSE),"") | J27: =IFERROR(COUNTIFS('Station Responses'!$F$2:$F$5000,"C0B2",'Station Responses'!$T$2:$T$5000,FALSE,'Station Responses'!$K$2:$K$5000,0,'Station Responses'!$L$2:$L$5000,1)/COUNTIFS('Station Responses'!$F$2:$F$5000,"C0B2",'Station Responses'!$T$2:$T$5000,FALSE,'Station Responses'!$K$2:$K$5000,0),"") | K27: =IFERROR(AVERAGEIFS('Station Responses'!$K$2:$K$5000,'Station Responses'!$F$2:$F$5000,"C0B2",'Station Responses'!$T$2:$T$5000,FALSE,'Station Responses'!$S$2:$S$5000,"upper")-AVERAGEIFS('Station Responses'!$K$2:$K$5000,'Station Responses'!$F$2:$F$5000,"C0B2",'Station Responses'!$T$2:$T$5000,FALSE,'Station Responses'!$S$2:$S$5000,"lower"),"") | L27: =IFERROR(AVERAGEIFS('Station Responses'!$P$2:$P$5000,'Station Responses'!$F$2:$F$5000,"C0B2",'Station Responses'!$T$2:$T$5000,FALSE,'Station Responses'!$P$2:$P$5000,">0"),"") | M27: =IFERROR(COUNTIFS('Station Responses'!$F$2:$F$5000,"C0B2",'Station Responses'!$T$2:$T$5000,FALSE,'Station Responses'!$O$2:$O$5000,">0")/H27,"") | N27: =IF(H27<5,"too few answers",IF(I27<0.3,"very hard — review teaching or item",IF(I27>0.9,"very easy",IF(AND(K27<>"",K27<0.2),"low discrimination — review item","OK")))) | O27: Ligament disruption explains instability clues.
A28: C0B3 | B28: boss review | C28: Pelvis Academy | D28: Boss recall: Associated-injury collection | E28: LO1 | F28: understand | G28: FALSE | H28: =COUNTIFS('Station Responses'!$F$2:$F$5000,"C0B3",'Station Responses'!$T$2:$T$5000,FALSE) | I28: =IFERROR(AVERAGEIFS('Station Responses'!$K$2:$K$5000,'Station Responses'!$F$2:$F$5000,"C0B3",'Station Responses'!$T$2:$T$5000,FALSE),"") | J28: =IFERROR(COUNTIFS('Station Responses'!$F$2:$F$5000,"C0B3",'Station Responses'!$T$2:$T$5000,FALSE,'Station Responses'!$K$2:$K$5000,0,'Station Responses'!$L$2:$L$5000,1)/COUNTIFS('Station Responses'!$F$2:$F$5000,"C0B3",'Station Responses'!$T$2:$T$5000,FALSE,'Station Responses'!$K$2:$K$5000,0),"") | K28: =IFERROR(AVERAGEIFS('Station Responses'!$K$2:$K$5000,'Station Responses'!$F$2:$F$5000,"C0B3",'Station Responses'!$T$2:$T$5000,FALSE,'Station Responses'!$S$2:$S$5000,"upper")-AVERAGEIFS('Station Responses'!$K$2:$K$5000,'Station Responses'!$F$2:$F$5000,"C0B3",'Station Responses'!$T$2:$T$5000,FALSE,'Station Responses'!$S$2:$S$5000,"lower"),"") | L28: =IFERROR(AVERAGEIFS('Station Responses'!$P$2:$P$5000,'Station Responses'!$F$2:$F$5000,"C0B3",'Station Responses'!$T$2:$T$5000,FALSE,'Station Responses'!$P$2:$P$5000,">0"),"") | M28: =IFERROR(COUNTIFS('Station Responses'!$F$2:$F$5000,"C0B3",'Station Responses'!$T$2:$T$5000,FALSE,'Station Responses'!$O$2:$O$5000,">0")/H28,"") | N28: =IF(H28<5,"too few answers",IF(I28<0.3,"very hard — review teaching or item",IF(I28>0.9,"very easy",IF(AND(K28<>"",K28<0.2),"low discrimination — review item","OK")))) | O28: Look beyond the pelvis; these percentages describe the supplied source cohort.
A29: C1B1 | B29: boss review | C29: Red Alert | D29: Boss recall: Shock bucket | E29: LO5 | F29: understand | G29: FALSE | H29: =COUNTIFS('Station Responses'!$F$2:$F$5000,"C1B1",'Station Responses'!$T$2:$T$5000,FALSE) | I29: =IFERROR(AVERAGEIFS('Station Responses'!$K$2:$K$5000,'Station Responses'!$F$2:$F$5000,"C1B1",'Station Responses'!$T$2:$T$5000,FALSE),"") | J29: =IFERROR(COUNTIFS('Station Responses'!$F$2:$F$5000,"C1B1",'Station Responses'!$T$2:$T$5000,FALSE,'Station Responses'!$K$2:$K$5000,0,'Station Responses'!$L$2:$L$5000,1)/COUNTIFS('Station Responses'!$F$2:$F$5000,"C1B1",'Station Responses'!$T$2:$T$5000,FALSE,'Station Responses'!$K$2:$K$5000,0),"") | K29: =IFERROR(AVERAGEIFS('Station Responses'!$K$2:$K$5000,'Station Responses'!$F$2:$F$5000,"C1B1",'Station Responses'!$T$2:$T$5000,FALSE,'Station Responses'!$S$2:$S$5000,"upper")-AVERAGEIFS('Station Responses'!$K$2:$K$5000,'Station Responses'!$F$2:$F$5000,"C1B1",'Station Responses'!$T$2:$T$5000,FALSE,'Station Responses'!$S$2:$S$5000,"lower"),"") | L29: =IFERROR(AVERAGEIFS('Station Responses'!$P$2:$P$5000,'Station Responses'!$F$2:$F$5000,"C1B1",'Station Responses'!$T$2:$T$5000,FALSE,'Station Responses'!$P$2:$P$5000,">0"),"") | M29: =IFERROR(COUNTIFS('Station Responses'!$F$2:$F$5000,"C1B1",'Station Responses'!$T$2:$T$5000,FALSE,'Station Responses'!$O$2:$O$5000,">0")/H29,"") | N29: =IF(H29<5,"too few answers",IF(I29<0.3,"very hard — review teaching or item",IF(I29>0.9,"very easy",IF(AND(K29<>"",K29<0.2),"low discrimination — review item","OK")))) | O29: Class III is a teaching estimate; trends and response matter more than a bucket.
A30: C1B2 | B30: boss review | C30: Red Alert | D30: Boss recall: Binder workshop on screen | E30: LO6 | F30: apply | G30: FALSE | H30: =COUNTIFS('Station Responses'!$F$2:$F$5000,"C1B2",'Station Responses'!$T$2:$T$5000,FALSE) | I30: =IFERROR(AVERAGEIFS('Station Responses'!$K$2:$K$5000,'Station Responses'!$F$2:$F$5000,"C1B2",'Station Responses'!$T$2:$T$5000,FALSE),"") | J30: =IFERROR(COUNTIFS('Station Responses'!$F$2:$F$5000,"C1B2",'Station Responses'!$T$2:$T$5000,FALSE,'Station Responses'!$K$2:$K$5000,0,'Station Responses'!$L$2:$L$5000,1)/COUNTIFS('Station Responses'!$F$2:$F$5000,"C1B2",'Station Responses'!$T$2:$T$5000,FALSE,'Station Responses'!$K$2:$K$5000,0),"") | K30: =IFERROR(AVERAGEIFS('Station Responses'!$K$2:$K$5000,'Station Responses'!$F$2:$F$5000,"C1B2",'Station Responses'!$T$2:$T$5000,FALSE,'Station Responses'!$S$2:$S$5000,"upper")-AVERAGEIFS('Station Responses'!$K$2:$K$5000,'Station Responses'!$F$2:$F$5000,"C1B2",'Station Responses'!$T$2:$T$5000,FALSE,'Station Responses'!$S$2:$S$5000,"lower"),"") | L30: =IFERROR(AVERAGEIFS('Station Responses'!$P$2:$P$5000,'Station Responses'!$F$2:$F$5000,"C1B2",'Station Responses'!$T$2:$T$5000,FALSE,'Station Responses'!$P$2:$P$5000,">0"),"") | M30: =IFERROR(COUNTIFS('Station Responses'!$F$2:$F$5000,"C1B2",'Station Responses'!$T$2:$T$5000,FALSE,'Station Responses'!$O$2:$O$5000,">0")/H30,"") | N30: =IF(H30<5,"too few answers",IF(I30<0.3,"very hard — review teaching or item",IF(I30>0.9,"very easy",IF(AND(K30<>"",K30<0.2),"low discrimination — review item","OK")))) | O30: Binder for every suspected pelvic fracture: centred on the greater trochanters, snug (not loose, not over-tight), legs internally rotated with padding; remove within 24 h.
A31: C1B3 | B31: boss review | C31: Red Alert | D31: Boss recall: Where is the blood? | E31: LO5 | F31: apply | G31: FALSE | H31: =COUNTIFS('Station Responses'!$F$2:$F$5000,"C1B3",'Station Responses'!$T$2:$T$5000,FALSE) | I31: =IFERROR(AVERAGEIFS('Station Responses'!$K$2:$K$5000,'Station Responses'!$F$2:$F$5000,"C1B3",'Station Responses'!$T$2:$T$5000,FALSE),"") | J31: =IFERROR(COUNTIFS('Station Responses'!$F$2:$F$5000,"C1B3",'Station Responses'!$T$2:$T$5000,FALSE,'Station Responses'!$K$2:$K$5000,0,'Station Responses'!$L$2:$L$5000,1)/COUNTIFS('Station Responses'!$F$2:$F$5000,"C1B3",'Station Responses'!$T$2:$T$5000,FALSE,'Station Responses'!$K$2:$K$5000,0),"") | K31: =IFERROR(AVERAGEIFS('Station Responses'!$K$2:$K$5000,'Station Responses'!$F$2:$F$5000,"C1B3",'Station Responses'!$T$2:$T$5000,FALSE,'Station Responses'!$S$2:$S$5000,"upper")-AVERAGEIFS('Station Responses'!$K$2:$K$5000,'Station Responses'!$F$2:$F$5000,"C1B3",'Station Responses'!$T$2:$T$5000,FALSE,'Station Responses'!$S$2:$S$5000,"lower"),"") | L31: =IFERROR(AVERAGEIFS('Station Responses'!$P$2:$P$5000,'Station Responses'!$F$2:$F$5000,"C1B3",'Station Responses'!$T$2:$T$5000,FALSE,'Station Responses'!$P$2:$P$5000,">0"),"") | M31: =IFERROR(COUNTIFS('Station Responses'!$F$2:$F$5000,"C1B3",'Station Responses'!$T$2:$T$5000,FALSE,'Station Responses'!$O$2:$O$5000,">0")/H31,"") | N31: =IF(H31<5,"too few answers",IF(I31<0.3,"very hard — review teaching or item",IF(I31>0.9,"very easy",IF(AND(K31<>"",K31<0.2),"low discrimination — review item","OK")))) | O31: Bleeding is 80% venous/bone and 20% arterial (superior gluteal most often). Angio-embolization finds an arterial source in only 10–15% and does not stop venous bleeding. 50–69% of unstable fractures need ≥4 U LPRC. Lactate ≥4: keep resuscitating; lactate <4: definitive fixation.
A32: C2B1 | B32: boss review | C32: The Hidden Fracture | D32: Boss recall: Stability clue sort | E32: LO3 | F32: understand | G32: FALSE | H32: =COUNTIFS('Station Responses'!$F$2:$F$5000,"C2B1",'Station Responses'!$T$2:$T$5000,FALSE) | I32: =IFERROR(AVERAGEIFS('Station Responses'!$K$2:$K$5000,'Station Responses'!$F$2:$F$5000,"C2B1",'Station Responses'!$T$2:$T$5000,FALSE),"") | J32: =IFERROR(COUNTIFS('Station Responses'!$F$2:$F$5000,"C2B1",'Station Responses'!$T$2:$T$5000,FALSE,'Station Responses'!$K$2:$K$5000,0,'Station Responses'!$L$2:$L$5000,1)/COUNTIFS('Station Responses'!$F$2:$F$5000,"C2B1",'Station Responses'!$T$2:$T$5000,FALSE,'Station Responses'!$K$2:$K$5000,0),"") | K32: =IFERROR(AVERAGEIFS('Station Responses'!$K$2:$K$5000,'Station Responses'!$F$2:$F$5000,"C2B1",'Station Responses'!$T$2:$T$5000,FALSE,'Station Responses'!$S$2:$S$5000,"upper")-AVERAGEIFS('Station Responses'!$K$2:$K$5000,'Station Responses'!$F$2:$F$5000,"C2B1",'Station Responses'!$T$2:$T$5000,FALSE,'Station Responses'!$S$2:$S$5000,"lower"),"") | L32: =IFERROR(AVERAGEIFS('Station Responses'!$P$2:$P$5000,'Station Responses'!$F$2:$F$5000,"C2B1",'Station Responses'!$T$2:$T$5000,FALSE,'Station Responses'!$P$2:$P$5000,">0"),"") | M32: =IFERROR(COUNTIFS('Station Responses'!$F$2:$F$5000,"C2B1",'Station Responses'!$T$2:$T$5000,FALSE,'Station Responses'!$O$2:$O$5000,">0")/H32,"") | N32: =IF(H32<5,"too few answers",IF(I32<0.3,"very hard — review teaching or item",IF(I32>0.9,"very easy",IF(AND(K32<>"",K32<0.2),"low discrimination — review item","OK")))) | O32: Normal physiology is not proof of mechanical stability.
A33: C2B2 | B33: boss review | C33: The Hidden Fracture | D33: Boss recall: Beam and view pairs | E33: LO3 | F33: understand | G33: FALSE | H33: =COUNTIFS('Station Responses'!$F$2:$F$5000,"C2B2",'Station Responses'!$T$2:$T$5000,FALSE) | I33: =IFERROR(AVERAGEIFS('Station Responses'!$K$2:$K$5000,'Station Responses'!$F$2:$F$5000,"C2B2",'Station Responses'!$T$2:$T$5000,FALSE),"") | J33: =IFERROR(COUNTIFS('Station Responses'!$F$2:$F$5000,"C2B2",'Station Responses'!$T$2:$T$5000,FALSE,'Station Responses'!$K$2:$K$5000,0,'Station Responses'!$L$2:$L$5000,1)/COUNTIFS('Station Responses'!$F$2:$F$5000,"C2B2",'Station Responses'!$T$2:$T$5000,FALSE,'Station Responses'!$K$2:$K$5000,0),"") | K33: =IFERROR(AVERAGEIFS('Station Responses'!$K$2:$K$5000,'Station Responses'!$F$2:$F$5000,"C2B2",'Station Responses'!$T$2:$T$5000,FALSE,'Station Responses'!$S$2:$S$5000,"upper")-AVERAGEIFS('Station Responses'!$K$2:$K$5000,'Station Responses'!$F$2:$F$5000,"C2B2",'Station Responses'!$T$2:$T$5000,FALSE,'Station Responses'!$S$2:$S$5000,"lower"),"") | L33: =IFERROR(AVERAGEIFS('Station Responses'!$P$2:$P$5000,'Station Responses'!$F$2:$F$5000,"C2B2",'Station Responses'!$T$2:$T$5000,FALSE,'Station Responses'!$P$2:$P$5000,">0"),"") | M33: =IFERROR(COUNTIFS('Station Responses'!$F$2:$F$5000,"C2B2",'Station Responses'!$T$2:$T$5000,FALSE,'Station Responses'!$O$2:$O$5000,">0")/H33,"") | N33: =IF(H33<5,"too few answers",IF(I33<0.3,"very hard — review teaching or item",IF(I33>0.9,"very easy",IF(AND(K33<>"",K33<0.2),"low discrimination — review item","OK")))) | O33: Inlet assesses AP displacement; outlet assesses vertical displacement.
A34: C2B3 | B34: boss review | C34: The Hidden Fracture | D34: Boss recall: Pattern and urgency | E34: LO1;LO3;LO7 | F34: apply | G34: FALSE | H34: =COUNTIFS('Station Responses'!$F$2:$F$5000,"C2B3",'Station Responses'!$T$2:$T$5000,FALSE) | I34: =IFERROR(AVERAGEIFS('Station Responses'!$K$2:$K$5000,'Station Responses'!$F$2:$F$5000,"C2B3",'Station Responses'!$T$2:$T$5000,FALSE),"") | J34: =IFERROR(COUNTIFS('Station Responses'!$F$2:$F$5000,"C2B3",'Station Responses'!$T$2:$T$5000,FALSE,'Station Responses'!$K$2:$K$5000,0,'Station Responses'!$L$2:$L$5000,1)/COUNTIFS('Station Responses'!$F$2:$F$5000,"C2B3",'Station Responses'!$T$2:$T$5000,FALSE,'Station Responses'!$K$2:$K$5000,0),"") | K34: =IFERROR(AVERAGEIFS('Station Responses'!$K$2:$K$5000,'Station Responses'!$F$2:$F$5000,"C2B3",'Station Responses'!$T$2:$T$5000,FALSE,'Station Responses'!$S$2:$S$5000,"upper")-AVERAGEIFS('Station Responses'!$K$2:$K$5000,'Station Responses'!$F$2:$F$5000,"C2B3",'Station Responses'!$T$2:$T$5000,FALSE,'Station Responses'!$S$2:$S$5000,"lower"),"") | L34: =IFERROR(AVERAGEIFS('Station Responses'!$P$2:$P$5000,'Station Responses'!$F$2:$F$5000,"C2B3",'Station Responses'!$T$2:$T$5000,FALSE,'Station Responses'!$P$2:$P$5000,">0"),"") | M34: =IFERROR(COUNTIFS('Station Responses'!$F$2:$F$5000,"C2B3",'Station Responses'!$T$2:$T$5000,FALSE,'Station Responses'!$O$2:$O$5000,">0")/H34,"") | N34: =IF(H34<5,"too few answers",IF(I34<0.3,"very hard — review teaching or item",IF(I34>0.9,"very easy",IF(AND(K34<>"",K34<0.2),"low discrimination — review item","OK")))) | O34: Source-reported hip dislocation is an orthopaedic urgency; escalate, do not reduce independently.
A35: C3B1 | B35: boss review | C35: Danger Down Below | D35: Boss recall: Open, closed or degloving? | E35: LO4 | F35: understand | G35: FALSE | H35: =COUNTIFS('Station Responses'!$F$2:$F$5000,"C3B1",'Station Responses'!$T$2:$T$5000,FALSE) | I35: =IFERROR(AVERAGEIFS('Station Responses'!$K$2:$K$5000,'Station Responses'!$F$2:$F$5000,"C3B1",'Station Responses'!$T$2:$T$5000,FALSE),"") | J35: =IFERROR(COUNTIFS('Station Responses'!$F$2:$F$5000,"C3B1",'Station Responses'!$T$2:$T$5000,FALSE,'Station Responses'!$K$2:$K$5000,0,'Station Responses'!$L$2:$L$5000,1)/COUNTIFS('Station Responses'!$F$2:$F$5000,"C3B1",'Station Responses'!$T$2:$T$5000,FALSE,'Station Responses'!$K$2:$K$5000,0),"") | K35: =IFERROR(AVERAGEIFS('Station Responses'!$K$2:$K$5000,'Station Responses'!$F$2:$F$5000,"C3B1",'Station Responses'!$T$2:$T$5000,FALSE,'Station Responses'!$S$2:$S$5000,"upper")-AVERAGEIFS('Station Responses'!$K$2:$K$5000,'Station Responses'!$F$2:$F$5000,"C3B1",'Station Responses'!$T$2:$T$5000,FALSE,'Station Responses'!$S$2:$S$5000,"lower"),"") | L35: =IFERROR(AVERAGEIFS('Station Responses'!$P$2:$P$5000,'Station Responses'!$F$2:$F$5000,"C3B1",'Station Responses'!$T$2:$T$5000,FALSE,'Station Responses'!$P$2:$P$5000,">0"),"") | M35: =IFERROR(COUNTIFS('Station Responses'!$F$2:$F$5000,"C3B1",'Station Responses'!$T$2:$T$5000,FALSE,'Station Responses'!$O$2:$O$5000,">0")/H35,"") | N35: =IF(H35<5,"too few answers",IF(I35<0.3,"very hard — review teaching or item",IF(I35>0.9,"very easy",IF(AND(K35<>"",K35<0.2),"low discrimination — review item","OK")))) | O35: Open = a wound that communicates with the fracture: external (perineal wound, fat globules or bone in the wound) or internal (blood PR/PV). Mortality of open pelvic fracture is 30–50%.
A36: C3B2 | B36: boss review | C36: Danger Down Below | D36: Boss recall: GU danger cards | E36: LO2;LO5 | F36: apply | G36: FALSE | H36: =COUNTIFS('Station Responses'!$F$2:$F$5000,"C3B2",'Station Responses'!$T$2:$T$5000,FALSE) | I36: =IFERROR(AVERAGEIFS('Station Responses'!$K$2:$K$5000,'Station Responses'!$F$2:$F$5000,"C3B2",'Station Responses'!$T$2:$T$5000,FALSE),"") | J36: =IFERROR(COUNTIFS('Station Responses'!$F$2:$F$5000,"C3B2",'Station Responses'!$T$2:$T$5000,FALSE,'Station Responses'!$K$2:$K$5000,0,'Station Responses'!$L$2:$L$5000,1)/COUNTIFS('Station Responses'!$F$2:$F$5000,"C3B2",'Station Responses'!$T$2:$T$5000,FALSE,'Station Responses'!$K$2:$K$5000,0),"") | K36: =IFERROR(AVERAGEIFS('Station Responses'!$K$2:$K$5000,'Station Responses'!$F$2:$F$5000,"C3B2",'Station Responses'!$T$2:$T$5000,FALSE,'Station Responses'!$S$2:$S$5000,"upper")-AVERAGEIFS('Station Responses'!$K$2:$K$5000,'Station Responses'!$F$2:$F$5000,"C3B2",'Station Responses'!$T$2:$T$5000,FALSE,'Station Responses'!$S$2:$S$5000,"lower"),"") | L36: =IFERROR(AVERAGEIFS('Station Responses'!$P$2:$P$5000,'Station Responses'!$F$2:$F$5000,"C3B2",'Station Responses'!$T$2:$T$5000,FALSE,'Station Responses'!$P$2:$P$5000,">0"),"") | M36: =IFERROR(COUNTIFS('Station Responses'!$F$2:$F$5000,"C3B2",'Station Responses'!$T$2:$T$5000,FALSE,'Station Responses'!$O$2:$O$5000,">0")/H36,"") | N36: =IF(H36<5,"too few answers",IF(I36<0.3,"very hard — review teaching or item",IF(I36>0.9,"very easy",IF(AND(K36<>"",K36<0.2),"low discrimination — review item","OK")))) | O36: No blind Foley with meatal bleeding: ask the senior/urology team for assessment.
A37: C3B3 | B37: boss review | C37: Danger Down Below | D37: Boss recall: AMPLE collection | E37: LO2 | F37: apply | G37: FALSE | H37: =COUNTIFS('Station Responses'!$F$2:$F$5000,"C3B3",'Station Responses'!$T$2:$T$5000,FALSE) | I37: =IFERROR(AVERAGEIFS('Station Responses'!$K$2:$K$5000,'Station Responses'!$F$2:$F$5000,"C3B3",'Station Responses'!$T$2:$T$5000,FALSE),"") | J37: =IFERROR(COUNTIFS('Station Responses'!$F$2:$F$5000,"C3B3",'Station Responses'!$T$2:$T$5000,FALSE,'Station Responses'!$K$2:$K$5000,0,'Station Responses'!$L$2:$L$5000,1)/COUNTIFS('Station Responses'!$F$2:$F$5000,"C3B3",'Station Responses'!$T$2:$T$5000,FALSE,'Station Responses'!$K$2:$K$5000,0),"") | K37: =IFERROR(AVERAGEIFS('Station Responses'!$K$2:$K$5000,'Station Responses'!$F$2:$F$5000,"C3B3",'Station Responses'!$T$2:$T$5000,FALSE,'Station Responses'!$S$2:$S$5000,"upper")-AVERAGEIFS('Station Responses'!$K$2:$K$5000,'Station Responses'!$F$2:$F$5000,"C3B3",'Station Responses'!$T$2:$T$5000,FALSE,'Station Responses'!$S$2:$S$5000,"lower"),"") | L37: =IFERROR(AVERAGEIFS('Station Responses'!$P$2:$P$5000,'Station Responses'!$F$2:$F$5000,"C3B3",'Station Responses'!$T$2:$T$5000,FALSE,'Station Responses'!$P$2:$P$5000,">0"),"") | M37: =IFERROR(COUNTIFS('Station Responses'!$F$2:$F$5000,"C3B3",'Station Responses'!$T$2:$T$5000,FALSE,'Station Responses'!$O$2:$O$5000,">0")/H37,"") | N37: =IF(H37<5,"too few answers",IF(I37<0.3,"very hard — review teaching or item",IF(I37>0.9,"very easy",IF(AND(K37<>"",K37<0.2),"low discrimination — review item","OK")))) | O37: Gather AMPLE without delaying resuscitation.
A38: FS1 | B38: post-test | C38: Trauma Shift | D38: Trauma Shift: Force detective | E38: LO1 | F38: understand | G38: FALSE | H38: =COUNTIFS('Station Responses'!$F$2:$F$5000,"FS1",'Station Responses'!$T$2:$T$5000,FALSE) | I38: =IFERROR(AVERAGEIFS('Station Responses'!$K$2:$K$5000,'Station Responses'!$F$2:$F$5000,"FS1",'Station Responses'!$T$2:$T$5000,FALSE),"") | J38: =IFERROR(COUNTIFS('Station Responses'!$F$2:$F$5000,"FS1",'Station Responses'!$T$2:$T$5000,FALSE,'Station Responses'!$K$2:$K$5000,0,'Station Responses'!$L$2:$L$5000,1)/COUNTIFS('Station Responses'!$F$2:$F$5000,"FS1",'Station Responses'!$T$2:$T$5000,FALSE,'Station Responses'!$K$2:$K$5000,0),"") | K38: =IFERROR(AVERAGEIFS('Station Responses'!$K$2:$K$5000,'Station Responses'!$F$2:$F$5000,"FS1",'Station Responses'!$T$2:$T$5000,FALSE,'Station Responses'!$S$2:$S$5000,"upper")-AVERAGEIFS('Station Responses'!$K$2:$K$5000,'Station Responses'!$F$2:$F$5000,"FS1",'Station Responses'!$T$2:$T$5000,FALSE,'Station Responses'!$S$2:$S$5000,"lower"),"") | L38: =IFERROR(AVERAGEIFS('Station Responses'!$P$2:$P$5000,'Station Responses'!$F$2:$F$5000,"FS1",'Station Responses'!$T$2:$T$5000,FALSE,'Station Responses'!$P$2:$P$5000,">0"),"") | M38: =IFERROR(COUNTIFS('Station Responses'!$F$2:$F$5000,"FS1",'Station Responses'!$T$2:$T$5000,FALSE,'Station Responses'!$O$2:$O$5000,">0")/H38,"") | N38: =IF(H38<5,"too few answers",IF(I38<0.3,"very hard — review teaching or item",IF(I38>0.9,"very easy",IF(AND(K38<>"",K38<0.2),"low discrimination — review item","OK")))) | O38: Mechanism suggests a pattern, not a definitive diagnosis.
A39: FS2 | B39: post-test | C39: Trauma Shift | D39: Trauma Shift: GU danger cards | E39: LO2;LO5 | F39: apply | G39: TRUE | H39: =COUNTIFS('Station Responses'!$F$2:$F$5000,"FS2",'Station Responses'!$T$2:$T$5000,FALSE) | I39: =IFERROR(AVERAGEIFS('Station Responses'!$K$2:$K$5000,'Station Responses'!$F$2:$F$5000,"FS2",'Station Responses'!$T$2:$T$5000,FALSE),"") | J39: =IFERROR(COUNTIFS('Station Responses'!$F$2:$F$5000,"FS2",'Station Responses'!$T$2:$T$5000,FALSE,'Station Responses'!$K$2:$K$5000,0,'Station Responses'!$L$2:$L$5000,1)/COUNTIFS('Station Responses'!$F$2:$F$5000,"FS2",'Station Responses'!$T$2:$T$5000,FALSE,'Station Responses'!$K$2:$K$5000,0),"") | K39: =IFERROR(AVERAGEIFS('Station Responses'!$K$2:$K$5000,'Station Responses'!$F$2:$F$5000,"FS2",'Station Responses'!$T$2:$T$5000,FALSE,'Station Responses'!$S$2:$S$5000,"upper")-AVERAGEIFS('Station Responses'!$K$2:$K$5000,'Station Responses'!$F$2:$F$5000,"FS2",'Station Responses'!$T$2:$T$5000,FALSE,'Station Responses'!$S$2:$S$5000,"lower"),"") | L39: =IFERROR(AVERAGEIFS('Station Responses'!$P$2:$P$5000,'Station Responses'!$F$2:$F$5000,"FS2",'Station Responses'!$T$2:$T$5000,FALSE,'Station Responses'!$P$2:$P$5000,">0"),"") | M39: =IFERROR(COUNTIFS('Station Responses'!$F$2:$F$5000,"FS2",'Station Responses'!$T$2:$T$5000,FALSE,'Station Responses'!$O$2:$O$5000,">0")/H39,"") | N39: =IF(H39<5,"too few answers",IF(I39<0.3,"very hard — review teaching or item",IF(I39>0.9,"very easy",IF(AND(K39<>"",K39<0.2),"low discrimination — review item","OK")))) | O39: No blind Foley with meatal bleeding: ask the senior/urology team for assessment.
A40: FS3 | B40: post-test | C40: Trauma Shift | D40: Trauma Shift: Stability clue sort | E40: LO3 | F40: understand | G40: FALSE | H40: =COUNTIFS('Station Responses'!$F$2:$F$5000,"FS3",'Station Responses'!$T$2:$T$5000,FALSE) | I40: =IFERROR(AVERAGEIFS('Station Responses'!$K$2:$K$5000,'Station Responses'!$F$2:$F$5000,"FS3",'Station Responses'!$T$2:$T$5000,FALSE),"") | J40: =IFERROR(COUNTIFS('Station Responses'!$F$2:$F$5000,"FS3",'Station Responses'!$T$2:$T$5000,FALSE,'Station Responses'!$K$2:$K$5000,0,'Station Responses'!$L$2:$L$5000,1)/COUNTIFS('Station Responses'!$F$2:$F$5000,"FS3",'Station Responses'!$T$2:$T$5000,FALSE,'Station Responses'!$K$2:$K$5000,0),"") | K40: =IFERROR(AVERAGEIFS('Station Responses'!$K$2:$K$5000,'Station Responses'!$F$2:$F$5000,"FS3",'Station Responses'!$T$2:$T$5000,FALSE,'Station Responses'!$S$2:$S$5000,"upper")-AVERAGEIFS('Station Responses'!$K$2:$K$5000,'Station Responses'!$F$2:$F$5000,"FS3",'Station Responses'!$T$2:$T$5000,FALSE,'Station Responses'!$S$2:$S$5000,"lower"),"") | L40: =IFERROR(AVERAGEIFS('Station Responses'!$P$2:$P$5000,'Station Responses'!$F$2:$F$5000,"FS3",'Station Responses'!$T$2:$T$5000,FALSE,'Station Responses'!$P$2:$P$5000,">0"),"") | M40: =IFERROR(COUNTIFS('Station Responses'!$F$2:$F$5000,"FS3",'Station Responses'!$T$2:$T$5000,FALSE,'Station Responses'!$O$2:$O$5000,">0")/H40,"") | N40: =IF(H40<5,"too few answers",IF(I40<0.3,"very hard — review teaching or item",IF(I40>0.9,"very easy",IF(AND(K40<>"",K40<0.2),"low discrimination — review item","OK")))) | O40: Normal physiology is not proof of mechanical stability.
A41: FS4 | B41: post-test | C41: Trauma Shift | D41: Trauma Shift: Open, closed or degloving? | E41: LO4 | F41: understand | G41: FALSE | H41: =COUNTIFS('Station Responses'!$F$2:$F$5000,"FS4",'Station Responses'!$T$2:$T$5000,FALSE) | I41: =IFERROR(AVERAGEIFS('Station Responses'!$K$2:$K$5000,'Station Responses'!$F$2:$F$5000,"FS4",'Station Responses'!$T$2:$T$5000,FALSE),"") | J41: =IFERROR(COUNTIFS('Station Responses'!$F$2:$F$5000,"FS4",'Station Responses'!$T$2:$T$5000,FALSE,'Station Responses'!$K$2:$K$5000,0,'Station Responses'!$L$2:$L$5000,1)/COUNTIFS('Station Responses'!$F$2:$F$5000,"FS4",'Station Responses'!$T$2:$T$5000,FALSE,'Station Responses'!$K$2:$K$5000,0),"") | K41: =IFERROR(AVERAGEIFS('Station Responses'!$K$2:$K$5000,'Station Responses'!$F$2:$F$5000,"FS4",'Station Responses'!$T$2:$T$5000,FALSE,'Station Responses'!$S$2:$S$5000,"upper")-AVERAGEIFS('Station Responses'!$K$2:$K$5000,'Station Responses'!$F$2:$F$5000,"FS4",'Station Responses'!$T$2:$T$5000,FALSE,'Station Responses'!$S$2:$S$5000,"lower"),"") | L41: =IFERROR(AVERAGEIFS('Station Responses'!$P$2:$P$5000,'Station Responses'!$F$2:$F$5000,"FS4",'Station Responses'!$T$2:$T$5000,FALSE,'Station Responses'!$P$2:$P$5000,">0"),"") | M41: =IFERROR(COUNTIFS('Station Responses'!$F$2:$F$5000,"FS4",'Station Responses'!$T$2:$T$5000,FALSE,'Station Responses'!$O$2:$O$5000,">0")/H41,"") | N41: =IF(H41<5,"too few answers",IF(I41<0.3,"very hard — review teaching or item",IF(I41>0.9,"very easy",IF(AND(K41<>"",K41<0.2),"low discrimination — review item","OK")))) | O41: Open = a wound that communicates with the fracture: external (perineal wound, fat globules or bone in the wound) or internal (blood PR/PV). Mortality of open pelvic fracture is 30–50%.
A42: FS5 | B42: post-test | C42: Trauma Shift | D42: Trauma Shift: Shock bucket | E42: LO5 | F42: understand | G42: FALSE | H42: =COUNTIFS('Station Responses'!$F$2:$F$5000,"FS5",'Station Responses'!$T$2:$T$5000,FALSE) | I42: =IFERROR(AVERAGEIFS('Station Responses'!$K$2:$K$5000,'Station Responses'!$F$2:$F$5000,"FS5",'Station Responses'!$T$2:$T$5000,FALSE),"") | J42: =IFERROR(COUNTIFS('Station Responses'!$F$2:$F$5000,"FS5",'Station Responses'!$T$2:$T$5000,FALSE,'Station Responses'!$K$2:$K$5000,0,'Station Responses'!$L$2:$L$5000,1)/COUNTIFS('Station Responses'!$F$2:$F$5000,"FS5",'Station Responses'!$T$2:$T$5000,FALSE,'Station Responses'!$K$2:$K$5000,0),"") | K42: =IFERROR(AVERAGEIFS('Station Responses'!$K$2:$K$5000,'Station Responses'!$F$2:$F$5000,"FS5",'Station Responses'!$T$2:$T$5000,FALSE,'Station Responses'!$S$2:$S$5000,"upper")-AVERAGEIFS('Station Responses'!$K$2:$K$5000,'Station Responses'!$F$2:$F$5000,"FS5",'Station Responses'!$T$2:$T$5000,FALSE,'Station Responses'!$S$2:$S$5000,"lower"),"") | L42: =IFERROR(AVERAGEIFS('Station Responses'!$P$2:$P$5000,'Station Responses'!$F$2:$F$5000,"FS5",'Station Responses'!$T$2:$T$5000,FALSE,'Station Responses'!$P$2:$P$5000,">0"),"") | M42: =IFERROR(COUNTIFS('Station Responses'!$F$2:$F$5000,"FS5",'Station Responses'!$T$2:$T$5000,FALSE,'Station Responses'!$O$2:$O$5000,">0")/H42,"") | N42: =IF(H42<5,"too few answers",IF(I42<0.3,"very hard — review teaching or item",IF(I42>0.9,"very easy",IF(AND(K42<>"",K42<0.2),"low discrimination — review item","OK")))) | O42: Class III is a teaching estimate; trends and response matter more than a bucket.
A43: FS6 | B43: post-test | C43: Trauma Shift | D43: Trauma Shift: Binder workshop on screen | E43: LO6 | F43: apply | G43: TRUE | H43: =COUNTIFS('Station Responses'!$F$2:$F$5000,"FS6",'Station Responses'!$T$2:$T$5000,FALSE) | I43: =IFERROR(AVERAGEIFS('Station Responses'!$K$2:$K$5000,'Station Responses'!$F$2:$F$5000,"FS6",'Station Responses'!$T$2:$T$5000,FALSE),"") | J43: =IFERROR(COUNTIFS('Station Responses'!$F$2:$F$5000,"FS6",'Station Responses'!$T$2:$T$5000,FALSE,'Station Responses'!$K$2:$K$5000,0,'Station Responses'!$L$2:$L$5000,1)/COUNTIFS('Station Responses'!$F$2:$F$5000,"FS6",'Station Responses'!$T$2:$T$5000,FALSE,'Station Responses'!$K$2:$K$5000,0),"") | K43: =IFERROR(AVERAGEIFS('Station Responses'!$K$2:$K$5000,'Station Responses'!$F$2:$F$5000,"FS6",'Station Responses'!$T$2:$T$5000,FALSE,'Station Responses'!$S$2:$S$5000,"upper")-AVERAGEIFS('Station Responses'!$K$2:$K$5000,'Station Responses'!$F$2:$F$5000,"FS6",'Station Responses'!$T$2:$T$5000,FALSE,'Station Responses'!$S$2:$S$5000,"lower"),"") | L43: =IFERROR(AVERAGEIFS('Station Responses'!$P$2:$P$5000,'Station Responses'!$F$2:$F$5000,"FS6",'Station Responses'!$T$2:$T$5000,FALSE,'Station Responses'!$P$2:$P$5000,">0"),"") | M43: =IFERROR(COUNTIFS('Station Responses'!$F$2:$F$5000,"FS6",'Station Responses'!$T$2:$T$5000,FALSE,'Station Responses'!$O$2:$O$5000,">0")/H43,"") | N43: =IF(H43<5,"too few answers",IF(I43<0.3,"very hard — review teaching or item",IF(I43>0.9,"very easy",IF(AND(K43<>"",K43<0.2),"low discrimination — review item","OK")))) | O43: Binder for every suspected pelvic fracture: centred on the greater trochanters, snug (not loose, not over-tight), legs internally rotated with padding; remove within 24 h.
A44: FS7 | B44: post-test | C44: Trauma Shift | D44: Trauma Shift: Three-team handover | E44: LO7;LO4;LO5 | F44: apply | G44: FALSE | H44: =COUNTIFS('Station Responses'!$F$2:$F$5000,"FS7",'Station Responses'!$T$2:$T$5000,FALSE) | I44: =IFERROR(AVERAGEIFS('Station Responses'!$K$2:$K$5000,'Station Responses'!$F$2:$F$5000,"FS7",'Station Responses'!$T$2:$T$5000,FALSE),"") | J44: =IFERROR(COUNTIFS('Station Responses'!$F$2:$F$5000,"FS7",'Station Responses'!$T$2:$T$5000,FALSE,'Station Responses'!$K$2:$K$5000,0,'Station Responses'!$L$2:$L$5000,1)/COUNTIFS('Station Responses'!$F$2:$F$5000,"FS7",'Station Responses'!$T$2:$T$5000,FALSE,'Station Responses'!$K$2:$K$5000,0),"") | K44: =IFERROR(AVERAGEIFS('Station Responses'!$K$2:$K$5000,'Station Responses'!$F$2:$F$5000,"FS7",'Station Responses'!$T$2:$T$5000,FALSE,'Station Responses'!$S$2:$S$5000,"upper")-AVERAGEIFS('Station Responses'!$K$2:$K$5000,'Station Responses'!$F$2:$F$5000,"FS7",'Station Responses'!$T$2:$T$5000,FALSE,'Station Responses'!$S$2:$S$5000,"lower"),"") | L44: =IFERROR(AVERAGEIFS('Station Responses'!$P$2:$P$5000,'Station Responses'!$F$2:$F$5000,"FS7",'Station Responses'!$T$2:$T$5000,FALSE,'Station Responses'!$P$2:$P$5000,">0"),"") | M44: =IFERROR(COUNTIFS('Station Responses'!$F$2:$F$5000,"FS7",'Station Responses'!$T$2:$T$5000,FALSE,'Station Responses'!$O$2:$O$5000,">0")/H44,"") | N44: =IF(H44<5,"too few answers",IF(I44<0.3,"very hard — review teaching or item",IF(I44>0.9,"very easy",IF(AND(K44<>"",K44<0.2),"low discrimination — review item","OK")))) | O44: General surgery, orthopaedics and urology coordinate; double set-up is senior-led.
A45: FS8 | B45: post-test | C45: Trauma Shift | D45: Trauma Shift: Binder removal plan | E45: LO6 | F45: apply | G45: FALSE | H45: =COUNTIFS('Station Responses'!$F$2:$F$5000,"FS8",'Station Responses'!$T$2:$T$5000,FALSE) | I45: =IFERROR(AVERAGEIFS('Station Responses'!$K$2:$K$5000,'Station Responses'!$F$2:$F$5000,"FS8",'Station Responses'!$T$2:$T$5000,FALSE),"") | J45: =IFERROR(COUNTIFS('Station Responses'!$F$2:$F$5000,"FS8",'Station Responses'!$T$2:$T$5000,FALSE,'Station Responses'!$K$2:$K$5000,0,'Station Responses'!$L$2:$L$5000,1)/COUNTIFS('Station Responses'!$F$2:$F$5000,"FS8",'Station Responses'!$T$2:$T$5000,FALSE,'Station Responses'!$K$2:$K$5000,0),"") | K45: =IFERROR(AVERAGEIFS('Station Responses'!$K$2:$K$5000,'Station Responses'!$F$2:$F$5000,"FS8",'Station Responses'!$T$2:$T$5000,FALSE,'Station Responses'!$S$2:$S$5000,"upper")-AVERAGEIFS('Station Responses'!$K$2:$K$5000,'Station Responses'!$F$2:$F$5000,"FS8",'Station Responses'!$T$2:$T$5000,FALSE,'Station Responses'!$S$2:$S$5000,"lower"),"") | L45: =IFERROR(AVERAGEIFS('Station Responses'!$P$2:$P$5000,'Station Responses'!$F$2:$F$5000,"FS8",'Station Responses'!$T$2:$T$5000,FALSE,'Station Responses'!$P$2:$P$5000,">0"),"") | M45: =IFERROR(COUNTIFS('Station Responses'!$F$2:$F$5000,"FS8",'Station Responses'!$T$2:$T$5000,FALSE,'Station Responses'!$O$2:$O$5000,">0")/H45,"") | N45: =IF(H45<5,"too few answers",IF(I45<0.3,"very hard — review teaching or item",IF(I45>0.9,"very easy",IF(AND(K45<>"",K45<0.2),"low discrimination — review item","OK")))) | O45: Remove the binder as soon as possible and within 24 h (pressure sores). If the AP pelvis shows no unstable fracture, remove it; ask orthopaedics if unsure.
A46: PT1 | B46: pre-test | C46: Pre-test | D46: Pre-test: Force detective | E46: LO1 | F46: understand | G46: FALSE | H46: =COUNTIFS('Station Responses'!$F$2:$F$5000,"PT1",'Station Responses'!$T$2:$T$5000,FALSE) | I46: =IFERROR(AVERAGEIFS('Station Responses'!$K$2:$K$5000,'Station Responses'!$F$2:$F$5000,"PT1",'Station Responses'!$T$2:$T$5000,FALSE),"") | J46: =IFERROR(COUNTIFS('Station Responses'!$F$2:$F$5000,"PT1",'Station Responses'!$T$2:$T$5000,FALSE,'Station Responses'!$K$2:$K$5000,0,'Station Responses'!$L$2:$L$5000,1)/COUNTIFS('Station Responses'!$F$2:$F$5000,"PT1",'Station Responses'!$T$2:$T$5000,FALSE,'Station Responses'!$K$2:$K$5000,0),"") | K46: =IFERROR(AVERAGEIFS('Station Responses'!$K$2:$K$5000,'Station Responses'!$F$2:$F$5000,"PT1",'Station Responses'!$T$2:$T$5000,FALSE,'Station Responses'!$S$2:$S$5000,"upper")-AVERAGEIFS('Station Responses'!$K$2:$K$5000,'Station Responses'!$F$2:$F$5000,"PT1",'Station Responses'!$T$2:$T$5000,FALSE,'Station Responses'!$S$2:$S$5000,"lower"),"") | L46: =IFERROR(AVERAGEIFS('Station Responses'!$P$2:$P$5000,'Station Responses'!$F$2:$F$5000,"PT1",'Station Responses'!$T$2:$T$5000,FALSE,'Station Responses'!$P$2:$P$5000,">0"),"") | M46: =IFERROR(COUNTIFS('Station Responses'!$F$2:$F$5000,"PT1",'Station Responses'!$T$2:$T$5000,FALSE,'Station Responses'!$O$2:$O$5000,">0")/H46,"") | N46: =IF(H46<5,"too few answers",IF(I46<0.3,"very hard — review teaching or item",IF(I46>0.9,"very easy",IF(AND(K46<>"",K46<0.2),"low discrimination — review item","OK")))) | O46: Mechanism suggests a pattern, not a definitive diagnosis.
A47: PT2 | B47: pre-test | C47: Pre-test | D47: Pre-test: GU danger cards | E47: LO2;LO5 | F47: apply | G47: FALSE | H47: =COUNTIFS('Station Responses'!$F$2:$F$5000,"PT2",'Station Responses'!$T$2:$T$5000,FALSE) | I47: =IFERROR(AVERAGEIFS('Station Responses'!$K$2:$K$5000,'Station Responses'!$F$2:$F$5000,"PT2",'Station Responses'!$T$2:$T$5000,FALSE),"") | J47: =IFERROR(COUNTIFS('Station Responses'!$F$2:$F$5000,"PT2",'Station Responses'!$T$2:$T$5000,FALSE,'Station Responses'!$K$2:$K$5000,0,'Station Responses'!$L$2:$L$5000,1)/COUNTIFS('Station Responses'!$F$2:$F$5000,"PT2",'Station Responses'!$T$2:$T$5000,FALSE,'Station Responses'!$K$2:$K$5000,0),"") | K47: =IFERROR(AVERAGEIFS('Station Responses'!$K$2:$K$5000,'Station Responses'!$F$2:$F$5000,"PT2",'Station Responses'!$T$2:$T$5000,FALSE,'Station Responses'!$S$2:$S$5000,"upper")-AVERAGEIFS('Station Responses'!$K$2:$K$5000,'Station Responses'!$F$2:$F$5000,"PT2",'Station Responses'!$T$2:$T$5000,FALSE,'Station Responses'!$S$2:$S$5000,"lower"),"") | L47: =IFERROR(AVERAGEIFS('Station Responses'!$P$2:$P$5000,'Station Responses'!$F$2:$F$5000,"PT2",'Station Responses'!$T$2:$T$5000,FALSE,'Station Responses'!$P$2:$P$5000,">0"),"") | M47: =IFERROR(COUNTIFS('Station Responses'!$F$2:$F$5000,"PT2",'Station Responses'!$T$2:$T$5000,FALSE,'Station Responses'!$O$2:$O$5000,">0")/H47,"") | N47: =IF(H47<5,"too few answers",IF(I47<0.3,"very hard — review teaching or item",IF(I47>0.9,"very easy",IF(AND(K47<>"",K47<0.2),"low discrimination — review item","OK")))) | O47: No blind Foley with meatal bleeding: ask the senior/urology team for assessment.
A48: PT3 | B48: pre-test | C48: Pre-test | D48: Pre-test: Stability clue sort | E48: LO3 | F48: understand | G48: FALSE | H48: =COUNTIFS('Station Responses'!$F$2:$F$5000,"PT3",'Station Responses'!$T$2:$T$5000,FALSE) | I48: =IFERROR(AVERAGEIFS('Station Responses'!$K$2:$K$5000,'Station Responses'!$F$2:$F$5000,"PT3",'Station Responses'!$T$2:$T$5000,FALSE),"") | J48: =IFERROR(COUNTIFS('Station Responses'!$F$2:$F$5000,"PT3",'Station Responses'!$T$2:$T$5000,FALSE,'Station Responses'!$K$2:$K$5000,0,'Station Responses'!$L$2:$L$5000,1)/COUNTIFS('Station Responses'!$F$2:$F$5000,"PT3",'Station Responses'!$T$2:$T$5000,FALSE,'Station Responses'!$K$2:$K$5000,0),"") | K48: =IFERROR(AVERAGEIFS('Station Responses'!$K$2:$K$5000,'Station Responses'!$F$2:$F$5000,"PT3",'Station Responses'!$T$2:$T$5000,FALSE,'Station Responses'!$S$2:$S$5000,"upper")-AVERAGEIFS('Station Responses'!$K$2:$K$5000,'Station Responses'!$F$2:$F$5000,"PT3",'Station Responses'!$T$2:$T$5000,FALSE,'Station Responses'!$S$2:$S$5000,"lower"),"") | L48: =IFERROR(AVERAGEIFS('Station Responses'!$P$2:$P$5000,'Station Responses'!$F$2:$F$5000,"PT3",'Station Responses'!$T$2:$T$5000,FALSE,'Station Responses'!$P$2:$P$5000,">0"),"") | M48: =IFERROR(COUNTIFS('Station Responses'!$F$2:$F$5000,"PT3",'Station Responses'!$T$2:$T$5000,FALSE,'Station Responses'!$O$2:$O$5000,">0")/H48,"") | N48: =IF(H48<5,"too few answers",IF(I48<0.3,"very hard — review teaching or item",IF(I48>0.9,"very easy",IF(AND(K48<>"",K48<0.2),"low discrimination — review item","OK")))) | O48: Normal physiology is not proof of mechanical stability.
A49: PT4 | B49: pre-test | C49: Pre-test | D49: Pre-test: Open, closed or degloving? | E49: LO4 | F49: understand | G49: FALSE | H49: =COUNTIFS('Station Responses'!$F$2:$F$5000,"PT4",'Station Responses'!$T$2:$T$5000,FALSE) | I49: =IFERROR(AVERAGEIFS('Station Responses'!$K$2:$K$5000,'Station Responses'!$F$2:$F$5000,"PT4",'Station Responses'!$T$2:$T$5000,FALSE),"") | J49: =IFERROR(COUNTIFS('Station Responses'!$F$2:$F$5000,"PT4",'Station Responses'!$T$2:$T$5000,FALSE,'Station Responses'!$K$2:$K$5000,0,'Station Responses'!$L$2:$L$5000,1)/COUNTIFS('Station Responses'!$F$2:$F$5000,"PT4",'Station Responses'!$T$2:$T$5000,FALSE,'Station Responses'!$K$2:$K$5000,0),"") | K49: =IFERROR(AVERAGEIFS('Station Responses'!$K$2:$K$5000,'Station Responses'!$F$2:$F$5000,"PT4",'Station Responses'!$T$2:$T$5000,FALSE,'Station Responses'!$S$2:$S$5000,"upper")-AVERAGEIFS('Station Responses'!$K$2:$K$5000,'Station Responses'!$F$2:$F$5000,"PT4",'Station Responses'!$T$2:$T$5000,FALSE,'Station Responses'!$S$2:$S$5000,"lower"),"") | L49: =IFERROR(AVERAGEIFS('Station Responses'!$P$2:$P$5000,'Station Responses'!$F$2:$F$5000,"PT4",'Station Responses'!$T$2:$T$5000,FALSE,'Station Responses'!$P$2:$P$5000,">0"),"") | M49: =IFERROR(COUNTIFS('Station Responses'!$F$2:$F$5000,"PT4",'Station Responses'!$T$2:$T$5000,FALSE,'Station Responses'!$O$2:$O$5000,">0")/H49,"") | N49: =IF(H49<5,"too few answers",IF(I49<0.3,"very hard — review teaching or item",IF(I49>0.9,"very easy",IF(AND(K49<>"",K49<0.2),"low discrimination — review item","OK")))) | O49: Open = a wound that communicates with the fracture: external (perineal wound, fat globules or bone in the wound) or internal (blood PR/PV). Mortality of open pelvic fracture is 30–50%.
A50: PT5 | B50: pre-test | C50: Pre-test | D50: Pre-test: Shock bucket | E50: LO5 | F50: understand | G50: FALSE | H50: =COUNTIFS('Station Responses'!$F$2:$F$5000,"PT5",'Station Responses'!$T$2:$T$5000,FALSE) | I50: =IFERROR(AVERAGEIFS('Station Responses'!$K$2:$K$5000,'Station Responses'!$F$2:$F$5000,"PT5",'Station Responses'!$T$2:$T$5000,FALSE),"") | J50: =IFERROR(COUNTIFS('Station Responses'!$F$2:$F$5000,"PT5",'Station Responses'!$T$2:$T$5000,FALSE,'Station Responses'!$K$2:$K$5000,0,'Station Responses'!$L$2:$L$5000,1)/COUNTIFS('Station Responses'!$F$2:$F$5000,"PT5",'Station Responses'!$T$2:$T$5000,FALSE,'Station Responses'!$K$2:$K$5000,0),"") | K50: =IFERROR(AVERAGEIFS('Station Responses'!$K$2:$K$5000,'Station Responses'!$F$2:$F$5000,"PT5",'Station Responses'!$T$2:$T$5000,FALSE,'Station Responses'!$S$2:$S$5000,"upper")-AVERAGEIFS('Station Responses'!$K$2:$K$5000,'Station Responses'!$F$2:$F$5000,"PT5",'Station Responses'!$T$2:$T$5000,FALSE,'Station Responses'!$S$2:$S$5000,"lower"),"") | L50: =IFERROR(AVERAGEIFS('Station Responses'!$P$2:$P$5000,'Station Responses'!$F$2:$F$5000,"PT5",'Station Responses'!$T$2:$T$5000,FALSE,'Station Responses'!$P$2:$P$5000,">0"),"") | M50: =IFERROR(COUNTIFS('Station Responses'!$F$2:$F$5000,"PT5",'Station Responses'!$T$2:$T$5000,FALSE,'Station Responses'!$O$2:$O$5000,">0")/H50,"") | N50: =IF(H50<5,"too few answers",IF(I50<0.3,"very hard — review teaching or item",IF(I50>0.9,"very easy",IF(AND(K50<>"",K50<0.2),"low discrimination — review item","OK")))) | O50: Class III is a teaching estimate; trends and response matter more than a bucket.
A51: PT6 | B51: pre-test | C51: Pre-test | D51: Pre-test: Binder workshop on screen | E51: LO6 | F51: apply | G51: FALSE | H51: =COUNTIFS('Station Responses'!$F$2:$F$5000,"PT6",'Station Responses'!$T$2:$T$5000,FALSE) | I51: =IFERROR(AVERAGEIFS('Station Responses'!$K$2:$K$5000,'Station Responses'!$F$2:$F$5000,"PT6",'Station Responses'!$T$2:$T$5000,FALSE),"") | J51: =IFERROR(COUNTIFS('Station Responses'!$F$2:$F$5000,"PT6",'Station Responses'!$T$2:$T$5000,FALSE,'Station Responses'!$K$2:$K$5000,0,'Station Responses'!$L$2:$L$5000,1)/COUNTIFS('Station Responses'!$F$2:$F$5000,"PT6",'Station Responses'!$T$2:$T$5000,FALSE,'Station Responses'!$K$2:$K$5000,0),"") | K51: =IFERROR(AVERAGEIFS('Station Responses'!$K$2:$K$5000,'Station Responses'!$F$2:$F$5000,"PT6",'Station Responses'!$T$2:$T$5000,FALSE,'Station Responses'!$S$2:$S$5000,"upper")-AVERAGEIFS('Station Responses'!$K$2:$K$5000,'Station Responses'!$F$2:$F$5000,"PT6",'Station Responses'!$T$2:$T$5000,FALSE,'Station Responses'!$S$2:$S$5000,"lower"),"") | L51: =IFERROR(AVERAGEIFS('Station Responses'!$P$2:$P$5000,'Station Responses'!$F$2:$F$5000,"PT6",'Station Responses'!$T$2:$T$5000,FALSE,'Station Responses'!$P$2:$P$5000,">0"),"") | M51: =IFERROR(COUNTIFS('Station Responses'!$F$2:$F$5000,"PT6",'Station Responses'!$T$2:$T$5000,FALSE,'Station Responses'!$O$2:$O$5000,">0")/H51,"") | N51: =IF(H51<5,"too few answers",IF(I51<0.3,"very hard — review teaching or item",IF(I51>0.9,"very easy",IF(AND(K51<>"",K51<0.2),"low discrimination — review item","OK")))) | O51: Binder for every suspected pelvic fracture: centred on the greater trochanters, snug (not loose, not over-tight), legs internally rotated with padding; remove within 24 h.
A52: PT7 | B52: pre-test | C52: Pre-test | D52: Pre-test: Three-team handover | E52: LO7;LO4;LO5 | F52: apply | G52: FALSE | H52: =COUNTIFS('Station Responses'!$F$2:$F$5000,"PT7",'Station Responses'!$T$2:$T$5000,FALSE) | I52: =IFERROR(AVERAGEIFS('Station Responses'!$K$2:$K$5000,'Station Responses'!$F$2:$F$5000,"PT7",'Station Responses'!$T$2:$T$5000,FALSE),"") | J52: =IFERROR(COUNTIFS('Station Responses'!$F$2:$F$5000,"PT7",'Station Responses'!$T$2:$T$5000,FALSE,'Station Responses'!$K$2:$K$5000,0,'Station Responses'!$L$2:$L$5000,1)/COUNTIFS('Station Responses'!$F$2:$F$5000,"PT7",'Station Responses'!$T$2:$T$5000,FALSE,'Station Responses'!$K$2:$K$5000,0),"") | K52: =IFERROR(AVERAGEIFS('Station Responses'!$K$2:$K$5000,'Station Responses'!$F$2:$F$5000,"PT7",'Station Responses'!$T$2:$T$5000,FALSE,'Station Responses'!$S$2:$S$5000,"upper")-AVERAGEIFS('Station Responses'!$K$2:$K$5000,'Station Responses'!$F$2:$F$5000,"PT7",'Station Responses'!$T$2:$T$5000,FALSE,'Station Responses'!$S$2:$S$5000,"lower"),"") | L52: =IFERROR(AVERAGEIFS('Station Responses'!$P$2:$P$5000,'Station Responses'!$F$2:$F$5000,"PT7",'Station Responses'!$T$2:$T$5000,FALSE,'Station Responses'!$P$2:$P$5000,">0"),"") | M52: =IFERROR(COUNTIFS('Station Responses'!$F$2:$F$5000,"PT7",'Station Responses'!$T$2:$T$5000,FALSE,'Station Responses'!$O$2:$O$5000,">0")/H52,"") | N52: =IF(H52<5,"too few answers",IF(I52<0.3,"very hard — review teaching or item",IF(I52>0.9,"very easy",IF(AND(K52<>"",K52<0.2),"low discrimination — review item","OK")))) | O52: General surgery, orthopaedics and urology coordinate; double set-up is senior-led.
A53: PT8 | B53: pre-test | C53: Pre-test | D53: Pre-test: Binder removal plan | E53: LO6 | F53: apply | G53: FALSE | H53: =COUNTIFS('Station Responses'!$F$2:$F$5000,"PT8",'Station Responses'!$T$2:$T$5000,FALSE) | I53: =IFERROR(AVERAGEIFS('Station Responses'!$K$2:$K$5000,'Station Responses'!$F$2:$F$5000,"PT8",'Station Responses'!$T$2:$T$5000,FALSE),"") | J53: =IFERROR(COUNTIFS('Station Responses'!$F$2:$F$5000,"PT8",'Station Responses'!$T$2:$T$5000,FALSE,'Station Responses'!$K$2:$K$5000,0,'Station Responses'!$L$2:$L$5000,1)/COUNTIFS('Station Responses'!$F$2:$F$5000,"PT8",'Station Responses'!$T$2:$T$5000,FALSE,'Station Responses'!$K$2:$K$5000,0),"") | K53: =IFERROR(AVERAGEIFS('Station Responses'!$K$2:$K$5000,'Station Responses'!$F$2:$F$5000,"PT8",'Station Responses'!$T$2:$T$5000,FALSE,'Station Responses'!$S$2:$S$5000,"upper")-AVERAGEIFS('Station Responses'!$K$2:$K$5000,'Station Responses'!$F$2:$F$5000,"PT8",'Station Responses'!$T$2:$T$5000,FALSE,'Station Responses'!$S$2:$S$5000,"lower"),"") | L53: =IFERROR(AVERAGEIFS('Station Responses'!$P$2:$P$5000,'Station Responses'!$F$2:$F$5000,"PT8",'Station Responses'!$T$2:$T$5000,FALSE,'Station Responses'!$P$2:$P$5000,">0"),"") | M53: =IFERROR(COUNTIFS('Station Responses'!$F$2:$F$5000,"PT8",'Station Responses'!$T$2:$T$5000,FALSE,'Station Responses'!$O$2:$O$5000,">0")/H53,"") | N53: =IF(H53<5,"too few answers",IF(I53<0.3,"very hard — review teaching or item",IF(I53>0.9,"very easy",IF(AND(K53<>"",K53<0.2),"low discrimination — review item","OK")))) | O53: Remove the binder as soon as possible and within 24 h (pressure sores). If the AP pelvis shows no unstable fracture, remove it; ask orthopaedics if unsure.

Sheet Pre-Post by Cohort
A1: Cohort | B1: Enrolled (n) | C1: Completed (n) | D1: Learners with both tests (n) | E1: Mean pre /8 | F1: Mean post /8 | G1: Mean gain | H1: SD of gain | I1: Paired t | J1: df | K1: p (two-sided) | L1: Effect size dz | M1: Mean normalized gain | N1: Pass rate %

Sheet Misconceptions
A1: Station | B1: Phase | C1: Objectives | D1: Mistake (card or topic) | E1: Learners with this mistake | F1: Learners answering | G1: % of learners | H1: Teaching point

Sheet Attempts
A1: Record ID | B1: Student ID | C1: Cohort | D1: Attempt ID | E1: Content version | F1: Attempt type | G1: Started (Bangkok) | H1: Last activity (Bangkok) | I1: Completed (Bangkok) | J1: Pre-test /8 | K1: Post-test /8 | L1: Must-pass safety met | M1: Pass standard met | N1: Raw gain | O1: Normalized gain (g) | P1: Practice first-try /24 | Q1: Practice corrected | R1: Stations answered | S1: Time on task (min) | T1: Hints opened | U1: LO1 first-try % | V1: LO2 first-try % | W1: LO3 first-try % | X1: LO4 first-try % | Y1: LO5 first-try % | Z1: LO6 first-try % | AA1: LO7 first-try % | AB1: Reward | AC1: Exclude from analysis | AD1: Exclude reason

Sheet Station Responses
A1: Record ID | B1: Student ID | C1: Cohort | D1: Attempt ID | E1: Phase | F1: Station | G1: Case | H1: Objectives | I1: Bloom level | J1: Must-pass | K1: First-try correct (1/0) | L1: Corrected after feedback (1/0) | M1: Partial score (0-1) | N1: Mistakes | O1: Hints opened | P1: Time (s) | Q1: Confidence | R1: Answered (Bangkok) | S1: Post-test group | T1: Exclude from analysis

Sheet Handovers
A1: Record ID | B1: Student ID | C1: Cohort | D1: Attempt ID | E1: Case | F1: Learner's handover reasoning | G1: SBAR built correctly first try (1/0) | H1: Answered (Bangkok) | I1: Exclude from analysis

Sheet Handover Scoring
A1: Record ID | B1: Student ID | C1: Case | D1: Learner's handover reasoning | E1: S (0-2) | F1: B (0-2) | G1: A (0-2) | H1: R (0-2) | I1: Total /8 | J1: Teacher comment

Sheet Teacher Reviews
A1: Record ID | B1: Student ID | C1: Cohort | D1: Attempt ID | E1: Reviewed (Bangkok) | F1: Scope | G1: Clinical interpretation | H1: Priorities / supervised action | I1: Uncertainty / request | J1: Observation | K1: Feedback | L1: Next step | M1: Reviewer

Sheet Course Feedback
A1: Record ID | B1: Student ID | C1: Cohort | D1: Attempt ID | E1: Submitted (Bangkok) | F1: Useful for learning (1-5) | G1: Enjoyable (1-5) | H1: Confidence (1-5) | I1: Comment | J1: Exclude from analysis

Sheet Roster
A1: Student ID | B1: Cohort | C1: Started | D1: Completed | E1: Exclude from analysis | F1: Exclude reason

Sheet Manual Exclusions
A1: Student ID | B1: Reason (e.g. QA, withdrew, no consent) | D1: Type a Student ID and a reason. The next export marks that student as excluded from all statistics (their rows stay).

Sheet Sync Log
A1: Item | B1: Value
